fold_n,q,q_next,stretch_lo,width,added_pairs,removed_total,removed_by_new_prime,removed_by_old_moire,net_new_twins,both_composite_pairs,removal_share,by_new_share_of_removed,cum_added,cum_removed,cum_twins
1,7,11,49,72,6,2,2,0,4,0,0.3333,1.0000,6,2,4
2,11,13,121,48,4,2,0,2,2,0,0.5000,0.0000,10,4,6
3,13,17,169,120,11,4,1,3,7,0,0.3636,0.2500,21,8,13
4,17,19,289,72,6,4,0,4,2,2,0.6667,0.0000,27,12,15
5,19,23,361,168,16,12,1,11,4,0,0.7500,0.0833,43,24,19
6,23,29,529,312,30,22,0,22,8,4,0.7333,0.0000,73,46,27
7,29,31,841,120,11,9,0,9,2,2,0.8182,0.0000,84,55,29
8,31,37,961,408,40,29,0,29,11,9,0.7250,0.0000,124,84,40
9,37,41,1369,312,30,23,0,23,7,5,0.7667,0.0000,154,107,47
10,41,43,1681,168,16,13,0,13,3,4,0.8125,0.0000,170,120,50
11,43,47,1849,360,35,24,0,24,11,10,0.6857,0.0000,205,144,61
12,47,53,2209,600,59,46,0,46,13,15,0.7797,0.0000,264,190,74
13,53,59,2809,672,66,53,0,53,13,18,0.8030,0.0000,330,243,87
14,59,61,3481,240,23,18,0,18,5,5,0.7826,0.0000,353,261,92
15,61,67,3721,768,76,57,1,56,19,28,0.7500,0.0175,429,318,111
16,67,71,4489,552,54,43,2,41,11,17,0.7963,0.0465,483,361,122
17,71,73,5041,288,28,25,0,25,3,9,0.8929,0.0000,511,386,125
18,73,79,5329,912,90,75,0,75,15,26,0.8333,0.0000,601,461,140
19,79,83,6241,648,64,50,0,50,14,22,0.7813,0.0000,665,511,154
20,83,89,6889,1032,102,88,0,88,14,36,0.8627,0.0000,767,599,168
21,89,97,7921,1488,148,127,0,127,21,46,0.8581,0.0000,915,726,189
22,97,101,9409,792,78,63,0,63,15,23,0.8077,0.0000,993,789,204
23,101,103,10201,408,40,33,0,33,7,17,0.8250,0.0000,1033,822,211
24,103,107,10609,840,83,73,0,73,10,32,0.8795,0.0000,1116,895,221
25,107,109,11449,432,42,36,0,36,6,17,0.8571,0.0000,1158,931,227
26,109,113,11881,888,88,77,0,77,11,26,0.8750,0.0000,1246,1008,238
27,113,127,12769,3360,335,293,0,293,42,108,0.8746,0.0000,1581,1301,280
28,127,131,16129,1032,102,90,0,90,12,44,0.8824,0.0000,1683,1391,292
29,131,137,17161,1608,160,133,1,132,27,59,0.8313,0.0075,1843,1524,319
30,137,139,18769,552,54,48,0,48,6,22,0.8889,0.0000,1897,1572,325
31,139,149,19321,2880,287,242,1,241,45,110,0.8432,0.0041,2184,1814,370
32,149,151,22201,600,59,49,1,48,10,20,0.8305,0.0204,2243,1863,380
33,151,157,22801,1848,184,164,1,163,20,65,0.8913,0.0061,2427,2027,400
34,157,163,24649,1920,191,174,1,173,17,74,0.9110,0.0057,2618,2201,417
35,163,167,26569,1320,131,110,0,110,21,52,0.8397,0.0000,2749,2311,438
36,167,173,27889,2040,203,180,0,180,23,86,0.8867,0.0000,2952,2491,461
37,173,179,29929,2112,210,185,0,185,25,87,0.8810,0.0000,3162,2676,486
38,179,181,32041,720,71,58,1,57,13,26,0.8169,0.0172,3233,2734,499
39,181,191,32761,3720,371,322,1,321,49,158,0.8679,0.0031,3604,3056,548
40,191,193,36481,768,76,69,0,69,7,24,0.9079,0.0000,3680,3125,555
41,193,197,37249,1560,155,135,0,135,20,71,0.8710,0.0000,3835,3260,575
42,197,199,38809,792,78,70,0,70,8,31,0.8974,0.0000,3913,3330,583
43,199,211,39601,4920,491,439,0,439,52,195,0.8941,0.0000,4404,3769,635
44,211,223,44521,5208,520,461,1,460,59,217,0.8865,0.0022,4924,4230,694
45,223,227,49729,1800,179,156,0,156,23,79,0.8715,0.0000,5103,4386,717
46,227,229,51529,912,90,81,0,81,9,42,0.9000,0.0000,5193,4467,726
47,229,233,52441,1848,184,168,1,167,16,71,0.9130,0.0060,5377,4635,742
48,233,239,54289,2832,282,250,0,250,32,113,0.8865,0.0000,5659,4885,774
49,239,241,57121,960,95,86,1,85,9,42,0.9053,0.0116,5754,4971,783
50,241,251,58081,4920,491,445,1,444,46,213,0.9063,0.0022,6245,5416,829
51,251,257,63001,3048,304,271,0,271,33,133,0.8914,0.0000,6549,5687,862
52,257,263,66049,3120,311,284,1,283,27,121,0.9132,0.0035,6860,5971,889
53,263,269,69169,3192,318,275,0,275,43,139,0.8648,0.0000,7178,6246,932
54,269,271,72361,1080,107,100,1,99,7,46,0.9346,0.0100,7285,6346,939
55,271,277,73441,3288,328,298,0,298,30,142,0.9085,0.0000,7613,6644,969
56,277,281,76729,2232,222,202,1,201,20,97,0.9099,0.0050,7835,6846,989
57,281,283,78961,1128,112,100,0,100,12,47,0.8929,0.0000,7947,6946,1001
58,283,293,80089,5760,575,507,0,507,68,256,0.8817,0.0000,8522,7453,1069
59,293,307,85849,8400,839,751,2,749,88,371,0.8951,0.0027,9361,8204,1157
60,307,311,94249,2472,246,224,1,223,22,105,0.9106,0.0045,9607,8428,1179
61,311,313,96721,1248,124,106,0,106,18,62,0.8548,0.0000,9731,8534,1197
62,313,317,97969,2520,251,227,1,226,24,118,0.9044,0.0044,9982,8761,1221
63,317,331,100489,9072,906,818,0,818,88,414,0.9029,0.0000,10888,9579,1309
64,331,337,109561,4008,400,359,0,359,41,191,0.8975,0.0000,11288,9938,1350
65,337,347,113569,6840,683,613,0,613,70,314,0.8975,0.0000,11971,10551,1420
66,347,349,120409,1392,138,124,0,124,14,59,0.8986,0.0000,12109,10675,1434
67,349,353,121801,2808,280,251,0,251,29,128,0.8964,0.0000,12389,10926,1463
68,353,359,124609,4272,426,391,0,391,35,204,0.9178,0.0000,12815,11317,1498
69,359,367,128881,5808,580,524,0,524,56,265,0.9034,0.0000,13395,11841,1554
70,367,373,134689,4440,443,402,2,400,41,199,0.9074,0.0050,13838,12243,1595
71,373,379,139129,4512,450,411,0,411,39,203,0.9133,0.0000,14288,12654,1634
72,379,383,143641,3048,304,278,0,278,26,143,0.9145,0.0000,14592,12932,1660
73,383,389,146689,4632,462,413,0,413,49,207,0.8939,0.0000,15054,13345,1709
74,389,397,151321,6288,628,562,0,562,66,294,0.8949,0.0000,15682,13907,1775
75,397,401,157609,3192,318,289,1,288,29,147,0.9088,0.0035,16000,14196,1804
76,401,409,160801,6480,647,593,1,592,54,298,0.9165,0.0017,16647,14789,1858
77,409,419,167281,8280,827,767,0,767,60,389,0.9274,0.0000,17474,15556,1918
78,419,421,175561,1680,167,143,1,142,24,75,0.8563,0.0070,17641,15699,1942
79,421,431,177241,8520,851,761,0,761,90,407,0.8942,0.0000,18492,16460,2032
80,431,433,185761,1728,172,153,0,153,19,78,0.8895,0.0000,18664,16613,2051
81,433,439,187489,5232,522,478,0,478,44,249,0.9157,0.0000,19186,17091,2095
82,439,443,192721,3528,352,329,1,328,23,163,0.9347,0.0030,19538,17420,2118
83,443,449,196249,5352,534,488,0,488,46,259,0.9139,0.0000,20072,17908,2164
84,449,457,201601,7248,724,654,0,654,70,351,0.9033,0.0000,20796,18562,2234
85,457,461,208849,3672,366,333,0,333,33,165,0.9098,0.0000,21162,18895,2267
86,461,463,212521,1848,184,174,0,174,10,88,0.9457,0.0000,21346,19069,2277
87,463,467,214369,3720,371,341,0,341,30,185,0.9191,0.0000,21717,19410,2307
88,467,479,218089,11352,1134,1034,1,1033,100,531,0.9118,0.0010,22851,20444,2407
89,479,487,229441,7728,772,698,0,698,74,374,0.9041,0.0000,23623,21142,2481
90,487,491,237169,3912,390,366,1,365,24,179,0.9385,0.0027,24013,21508,2505
91,491,499,241081,7920,791,721,1,720,70,356,0.9115,0.0014,24804,22229,2575
92,499,503,249001,4008,400,372,0,372,28,199,0.9300,0.0000,25204,22601,2603
93,503,509,253009,6072,606,560,0,560,46,294,0.9241,0.0000,25810,23161,2649
94,509,521,259081,12360,1235,1126,0,1126,109,594,0.9117,0.0000,27045,24287,2758
95,521,523,271441,2088,208,187,0,187,21,108,0.8990,0.0000,27253,24474,2779
96,523,541,273529,19152,1914,1757,0,1757,157,937,0.9180,0.0000,29167,26231,2936
97,541,547,292681,6528,652,607,0,607,45,326,0.9310,0.0000,29819,26838,2981
98,547,557,299209,11040,1103,1004,0,1004,99,546,0.9102,0.0000,30922,27842,3080
99,557,563,310249,6720,671,617,1,616,54,331,0.9195,0.0016,31593,28459,3134
100,563,569,316969,6792,678,607,0,607,71,339,0.8953,0.0000,32271,29066,3205
101,569,571,323761,2280,227,206,1,205,21,106,0.9075,0.0049,32498,29272,3226
102,571,577,326041,6888,688,621,0,621,67,334,0.9026,0.0000,33186,29893,3293
103,577,587,332929,11640,1163,1081,0,1081,82,562,0.9295,0.0000,34349,30974,3375
104,587,593,344569,7080,707,655,0,655,52,347,0.9264,0.0000,35056,31629,3427
105,593,599,351649,7152,714,654,0,654,60,342,0.9160,0.0000,35770,32283,3487
106,599,601,358801,2400,239,219,0,219,20,131,0.9163,0.0000,36009,32502,3507
107,601,607,361201,7248,724,672,1,671,52,343,0.9282,0.0015,36733,33174,3559
108,607,613,368449,7320,731,679,0,679,52,373,0.9289,0.0000,37464,33853,3611
109,613,617,375769,4920,491,458,1,457,33,243,0.9328,0.0022,37955,34311,3644
110,617,619,380689,2472,246,226,0,226,20,125,0.9187,0.0000,38201,34537,3664
111,619,631,383161,15000,1499,1380,0,1380,119,738,0.9206,0.0000,39700,35917,3783
112,631,641,398161,12720,1271,1169,1,1168,102,642,0.9197,0.0009,40971,37086,3885
113,641,643,410881,2568,256,237,0,237,19,128,0.9258,0.0000,41227,37323,3904
114,643,647,413449,5160,515,475,1,474,40,259,0.9223,0.0021,41742,37798,3944
115,647,653,418609,7800,779,715,0,715,64,381,0.9178,0.0000,42521,38513,4008
116,653,659,426409,7872,786,713,0,713,73,391,0.9071,0.0000,43307,39226,4081
117,659,661,434281,2640,263,241,0,241,22,134,0.9163,0.0000,43570,39467,4103
118,661,673,436921,16008,1600,1492,0,1492,108,798,0.9325,0.0000,45170,40959,4211
119,673,677,452929,5400,539,497,0,497,42,276,0.9221,0.0000,45709,41456,4253
120,677,683,458329,8160,815,756,0,756,59,423,0.9276,0.0000,46524,42212,4312
121,683,691,466489,10992,1098,1018,0,1018,80,533,0.9271,0.0000,47622,43230,4392
122,691,701,477481,13920,1391,1286,0,1286,105,696,0.9245,0.0000,49013,44516,4497
123,701,709,491401,11280,1127,1048,1,1047,79,567,0.9299,0.0010,50140,45564,4576
124,709,719,502681,14280,1427,1326,0,1326,101,728,0.9292,0.0000,51567,46890,4677
125,719,727,516961,11568,1156,1051,0,1051,105,589,0.9092,0.0000,52723,47941,4782
126,727,733,528529,8760,875,812,0,812,63,430,0.9280,0.0000,53598,48753,4845
127,733,739,537289,8832,882,811,0,811,71,467,0.9195,0.0000,54480,49564,4916
128,739,743,546121,5928,592,550,0,550,42,297,0.9291,0.0000,55072,50114,4958
129,743,751,552049,11952,1194,1111,0,1111,83,621,0.9305,0.0000,56266,51225,5041
130,751,757,564001,9048,904,831,0,831,73,454,0.9192,0.0000,57170,52056,5114
131,757,761,573049,6072,606,558,0,558,48,309,0.9208,0.0000,57776,52614,5162
132,761,769,579121,12240,1223,1125,0,1125,98,633,0.9199,0.0000,58999,53739,5260
133,769,773,591361,6168,616,566,0,566,50,315,0.9188,0.0000,59615,54305,5310
134,773,787,597529,21840,2183,2023,1,2022,160,1104,0.9267,0.0005,61798,56328,5470
135,787,797,619369,15840,1583,1465,0,1465,118,829,0.9255,0.0000,63381,57793,5588
136,797,809,635209,19272,1926,1776,0,1776,150,1007,0.9221,0.0000,65307,59569,5738
137,809,811,654481,3240,323,304,0,304,19,166,0.9412,0.0000,65630,59873,5757
138,811,821,657721,16320,1631,1507,1,1506,124,848,0.9240,0.0007,67261,61380,5881
139,821,823,674041,3288,328,304,0,304,24,171,0.9268,0.0000,67589,61684,5905
140,823,827,677329,6600,659,610,1,609,49,331,0.9256,0.0016,68248,62294,5954
141,827,829,683929,3312,330,306,0,306,24,165,0.9273,0.0000,68578,62600,5978
142,829,839,687241,16680,1667,1559,0,1559,108,851,0.9352,0.0000,70245,64159,6086
143,839,853,703921,23688,2368,2203,1,2202,165,1207,0.9303,0.0005,72613,66362,6251
144,853,857,727609,6840,683,640,0,640,43,343,0.9370,0.0000,73296,67002,6294
145,857,859,734449,3432,342,315,0,315,27,175,0.9211,0.0000,73638,67317,6321
146,859,863,737881,6888,688,638,0,638,50,364,0.9273,0.0000,74326,67955,6371
147,863,877,744769,24360,2435,2278,3,2275,157,1250,0.9355,0.0013,76761,70233,6528
148,877,881,769129,7032,702,645,0,645,57,374,0.9188,0.0000,77463,70878,6585
149,881,883,776161,3528,352,327,0,327,25,178,0.9290,0.0000,77815,71205,6610
150,883,887,779689,7080,707,651,0,651,56,362,0.9208,0.0000,78522,71856,6666
151,887,907,786769,35880,3587,3342,1,3341,245,1864,0.9317,0.0003,82109,75198,6911
152,907,911,822649,7272,726,667,0,667,59,372,0.9187,0.0000,82835,75865,6970
153,911,919,829921,14640,1463,1355,0,1355,108,764,0.9262,0.0000,84298,77220,7078
154,919,929,844561,18480,1847,1728,0,1728,119,970,0.9356,0.0000,86145,78948,7197
155,929,937,863041,14928,1492,1380,0,1380,112,784,0.9249,0.0000,87637,80328,7309
156,937,941,877969,7512,750,697,0,697,53,393,0.9293,0.0000,88387,81025,7362
157,941,947,885481,11328,1132,1046,1,1045,86,601,0.9240,0.0010,89519,82071,7448
158,947,953,896809,11400,1139,1071,0,1071,68,586,0.9403,0.0000,90658,83142,7516
159,953,967,908209,26880,2687,2486,0,2486,201,1407,0.9252,0.0000,93345,85628,7717
160,967,971,935089,7752,774,726,0,726,48,399,0.9380,0.0000,94119,86354,7765
161,971,977,942841,11688,1168,1087,1,1086,81,611,0.9307,0.0009,95287,87441,7846
162,977,983,954529,11760,1175,1085,1,1084,90,616,0.9234,0.0009,96462,88526,7936
163,983,991,966289,15792,1578,1469,0,1469,109,838,0.9309,0.0000,98040,89995,8045
164,991,997,982081,11928,1192,1121,0,1121,71,635,0.9404,0.0000,99232,91116,8116
165,997,1009,994009,24072,2406,2215,2,2213,191,1254,0.9206,0.0009,101638,93331,8307
166,1009,1013,1018081,8088,808,754,0,754,54,424,0.9332,0.0000,102446,94085,8361
167,1013,1019,1026169,12192,1218,1129,0,1129,89,652,0.9269,0.0000,103664,95214,8450
168,1019,1021,1038361,4080,407,377,0,377,30,212,0.9263,0.0000,104071,95591,8480
169,1021,1031,1042441,20520,2051,1914,0,1914,137,1117,0.9332,0.0000,106122,97505,8617
170,1031,1033,1062961,4128,412,385,0,385,27,213,0.9345,0.0000,106534,97890,8644
171,1033,1039,1067089,12432,1242,1150,0,1150,92,665,0.9259,0.0000,107776,99040,8736
172,1039,1049,1079521,20880,2087,1933,0,1933,154,1104,0.9262,0.0000,109863,100973,8890
173,1049,1051,1100401,4200,419,396,0,396,23,222,0.9451,0.0000,110282,101369,8913
174,1051,1061,1104601,21120,2111,1963,2,1961,148,1087,0.9299,0.0010,112393,103332,9061
175,1061,1063,1125721,4248,424,390,0,390,34,230,0.9198,0.0000,112817,103722,9095
176,1063,1069,1129969,12792,1278,1183,0,1183,95,695,0.9257,0.0000,114095,104905,9190
177,1069,1087,1142761,38808,3880,3615,1,3614,265,2037,0.9317,0.0003,117975,108520,9455
178,1087,1091,1181569,8712,870,802,0,802,68,456,0.9218,0.0000,118845,109322,9523
179,1091,1093,1190281,4368,436,407,0,407,29,229,0.9335,0.0000,119281,109729,9552
180,1093,1097,1194649,8760,875,816,0,816,59,475,0.9326,0.0000,120156,110545,9611
181,1097,1103,1203409,13200,1319,1243,0,1243,76,698,0.9424,0.0000,121475,111788,9687
182,1103,1109,1216609,13272,1326,1237,0,1237,89,716,0.9329,0.0000,122801,113025,9776
183,1109,1117,1229881,17808,1780,1652,0,1652,128,970,0.9281,0.0000,124581,114677,9904
184,1117,1123,1247689,13440,1343,1252,0,1252,91,714,0.9322,0.0000,125924,115929,9995
185,1123,1129,1261129,13512,1350,1255,0,1255,95,707,0.9296,0.0000,127274,117184,10090
186,1129,1151,1274641,50160,5015,4683,0,4683,332,2680,0.9338,0.0000,132289,121867,10422
187,1151,1153,1324801,4608,460,439,0,439,21,246,0.9543,0.0000,132749,122306,10443
188,1153,1163,1329409,23160,2315,2137,0,2137,178,1296,0.9231,0.0000,135064,124443,10621
189,1163,1171,1352569,18672,1866,1736,0,1736,130,1000,0.9303,0.0000,136930,126179,10751
190,1171,1181,1371241,23520,2351,2193,0,2193,158,1277,0.9328,0.0000,139281,128372,10909
191,1181,1187,1394761,14208,1420,1318,0,1318,102,757,0.9282,0.0000,140701,129690,11011
192,1187,1193,1408969,14280,1427,1345,0,1345,82,782,0.9425,0.0000,142128,131035,11093
193,1193,1201,1423249,19152,1914,1801,0,1801,113,996,0.9410,0.0000,144042,132836,11206
194,1201,1213,1442401,28968,2896,2702,0,2702,194,1573,0.9330,0.0000,146938,135538,11400
195,1213,1217,1471369,9720,971,903,0,903,68,503,0.9300,0.0000,147909,136441,11468
196,1217,1223,1481089,14640,1463,1365,1,1364,98,791,0.9330,0.0007,149372,137806,11566
197,1223,1229,1495729,14712,1470,1368,0,1368,102,776,0.9306,0.0000,150842,139174,11668
198,1229,1231,1510441,4920,491,456,0,456,35,276,0.9287,0.0000,151333,139630,11703
199,1231,1237,1515361,14808,1480,1378,0,1378,102,807,0.9311,0.0000,152813,141008,11805
200,1237,1249,1530169,29832,2982,2790,0,2790,192,1590,0.9356,0.0000,155795,143798,11997
201,1249,1259,1560001,25080,2507,2336,0,2336,171,1377,0.9318,0.0000,158302,146134,12168
202,1259,1277,1585081,45648,4564,4257,1,4256,307,2489,0.9327,0.0002,162866,150391,12475
203,1277,1279,1630729,5112,510,472,0,472,38,264,0.9255,0.0000,163376,150863,12513
204,1279,1283,1635841,10248,1024,965,0,965,59,555,0.9424,0.0000,164400,151828,12572
205,1283,1289,1646089,15432,1542,1447,0,1447,95,829,0.9384,0.0000,165942,153275,12667
206,1289,1291,1661521,5160,515,485,1,484,30,285,0.9417,0.0021,166457,153760,12697
207,1291,1297,1666681,15528,1552,1440,0,1440,112,821,0.9278,0.0000,168009,155200,12809
208,1297,1301,1682209,10392,1038,978,0,978,60,568,0.9422,0.0000,169047,156178,12869
209,1301,1303,1692601,5208,520,488,0,488,32,274,0.9385,0.0000,169567,156666,12901
210,1303,1307,1697809,10440,1043,961,0,961,82,564,0.9214,0.0000,170610,157627,12983
211,1307,1319,1708249,31512,3150,2940,0,2940,210,1724,0.9333,0.0000,173760,160567,13193
212,1319,1321,1739761,5280,527,497,1,496,30,286,0.9431,0.0020,174287,161064,13223
213,1321,1327,1745041,15888,1588,1486,0,1486,102,853,0.9358,0.0000,175875,162550,13325
214,1327,1361,1760929,91392,9138,8536,1,8535,602,4964,0.9341,0.0001,185013,171086,13927
215,1361,1367,1852321,16368,1636,1525,0,1525,111,881,0.9322,0.0000,186649,172611,14038
216,1367,1373,1868689,16440,1643,1537,0,1537,106,911,0.9355,0.0000,188292,174148,14144
217,1373,1381,1885129,22032,2202,2075,0,2075,127,1190,0.9423,0.0000,190494,176223,14271
218,1381,1399,1907161,50040,5003,4679,2,4677,324,2699,0.9352,0.0004,195497,180902,14595
219,1399,1409,1957201,28080,2807,2633,0,2633,174,1557,0.9380,0.0000,198304,183535,14769
220,1409,1423,1985281,39648,3964,3699,0,3699,265,2162,0.9331,0.0000,202268,187234,15034
221,1423,1427,2024929,11400,1139,1062,0,1062,77,628,0.9324,0.0000,203407,188296,15111
222,1427,1429,2036329,5712,570,537,0,537,33,322,0.9421,0.0000,203977,188833,15144
223,1429,1433,2042041,11448,1144,1073,0,1073,71,622,0.9379,0.0000,205121,189906,15215
224,1433,1439,2053489,17232,1722,1607,0,1607,115,940,0.9332,0.0000,206843,191513,15330
225,1439,1447,2070721,23088,2308,2161,0,2161,147,1283,0.9363,0.0000,209151,193674,15477
226,1447,1451,2093809,11592,1158,1102,1,1101,56,625,0.9516,0.0009,210309,194776,15533
227,1451,1453,2105401,5808,580,544,0,544,36,315,0.9379,0.0000,210889,195320,15569
228,1453,1459,2111209,17472,1746,1643,0,1643,103,963,0.9410,0.0000,212635,196963,15672
229,1459,1471,2128681,35160,3515,3286,0,3286,229,1918,0.9349,0.0000,216150,200249,15901
230,1471,1481,2163841,29520,2951,2777,2,2775,174,1642,0.9410,0.0007,219101,203026,16075
231,1481,1483,2193361,5928,592,559,0,559,33,327,0.9443,0.0000,219693,203585,16108
232,1483,1487,2199289,11880,1187,1117,0,1117,70,646,0.9410,0.0000,220880,204702,16178
233,1487,1489,2211169,5952,594,564,0,564,30,334,0.9495,0.0000,221474,205266,16208
234,1489,1493,2217121,11928,1192,1111,1,1110,81,663,0.9320,0.0009,222666,206377,16289
235,1493,1499,2229049,17952,1794,1668,0,1668,126,979,0.9298,0.0000,224460,208045,16415
236,1499,1511,2247001,36120,3611,3387,0,3387,224,1966,0.9380,0.0000,228071,211432,16639
237,1511,1523,2283121,36408,3640,3423,1,3422,217,2003,0.9404,0.0003,231711,214855,16856
238,1523,1531,2319529,24432,2442,2289,0,2289,153,1355,0.9373,0.0000,234153,217144,17009
239,1531,1543,2343961,36888,3688,3457,1,3456,231,2033,0.9374,0.0003,237841,220601,17240
240,1543,1549,2380849,18552,1854,1745,0,1745,109,1008,0.9412,0.0000,239695,222346,17349
241,1549,1553,2399401,12408,1240,1167,0,1167,73,704,0.9411,0.0000,240935,223513,17422
242,1553,1559,2411809,18672,1866,1755,0,1755,111,1019,0.9405,0.0000,242801,225268,17533
243,1559,1567,2430481,25008,2500,2361,0,2361,139,1370,0.9444,0.0000,245301,227629,17672
244,1567,1571,2455489,12552,1254,1178,0,1178,76,692,0.9394,0.0000,246555,228807,17748
245,1571,1579,2468041,25200,2519,2373,0,2373,146,1399,0.9420,0.0000,249074,231180,17894
246,1579,1583,2493241,12648,1264,1192,0,1192,72,684,0.9430,0.0000,250338,232372,17966
247,1583,1597,2505889,44520,4451,4191,0,4191,260,2449,0.9416,0.0000,254789,236563,18226
248,1597,1601,2550409,12792,1278,1198,0,1198,80,694,0.9374,0.0000,256067,237761,18306
249,1601,1607,2563201,19248,1924,1802,0,1802,122,1055,0.9366,0.0000,257991,239563,18428
250,1607,1609,2582449,6432,642,599,0,599,43,346,0.9330,0.0000,258633,240162,18471
251,1609,1613,2588881,12888,1288,1213,1,1212,75,713,0.9418,0.0008,259921,241375,18546
252,1613,1619,2601769,19392,1938,1814,0,1814,124,1081,0.9360,0.0000,261859,243189,18670
253,1619,1621,2621161,6480,647,614,0,614,33,364,0.9490,0.0000,262506,243803,18703
254,1621,1627,2627641,19488,1948,1826,0,1826,122,1067,0.9374,0.0000,264454,245629,18825
255,1627,1637,2647129,32640,3263,3058,0,3058,205,1818,0.9372,0.0000,267717,248687,19030
256,1637,1657,2679769,65880,6587,6190,1,6189,397,3700,0.9397,0.0002,274304,254877,19427
257,1657,1663,2745649,19920,1991,1871,1,1870,120,1101,0.9397,0.0005,276295,256748,19547
258,1663,1667,2765569,13320,1331,1251,0,1251,80,739,0.9399,0.0000,277626,257999,19627
259,1667,1669,2778889,6672,666,631,0,631,35,366,0.9474,0.0000,278292,258630,19662
260,1669,1693,2785561,80688,8068,7584,0,7584,484,4454,0.9400,0.0000,286360,266214,20146
261,1693,1697,2866249,13560,1355,1286,1,1285,69,758,0.9491,0.0008,287715,267500,20215
262,1697,1699,2879809,6792,678,643,0,643,35,369,0.9484,0.0000,288393,268143,20250
263,1699,1709,2886601,34080,3407,3221,0,3221,186,1879,0.9454,0.0000,291800,271364,20436
264,1709,1721,2920681,41160,4115,3876,0,3876,239,2308,0.9419,0.0000,295915,275240,20675
265,1721,1723,2961841,6888,688,641,0,641,47,371,0.9317,0.0000,296603,275881,20722
266,1723,1733,2968729,34560,3455,3235,0,3235,220,1911,0.9363,0.0000,300058,279116,20942
267,1733,1741,3003289,27792,2778,2618,0,2618,160,1547,0.9424,0.0000,302836,281734,21102
268,1741,1747,3031081,20928,2092,1977,0,1977,115,1176,0.9450,0.0000,304928,283711,21217
269,1747,1753,3052009,21000,2099,1963,0,1963,136,1178,0.9352,0.0000,307027,285674,21353
270,1753,1759,3073009,21072,2106,1952,0,1952,154,1150,0.9269,0.0000,309133,287626,21507
271,1759,1777,3094081,63648,6364,5996,0,5996,368,3523,0.9422,0.0000,315497,293622,21875
272,1777,1783,3157729,21360,2135,2017,0,2017,118,1200,0.9447,0.0000,317632,295639,21993
273,1783,1787,3179089,14280,1427,1334,1,1333,93,797,0.9348,0.0007,319059,296973,22086
274,1787,1789,3193369,7152,714,666,0,666,48,391,0.9328,0.0000,319773,297639,22134
275,1789,1801,3200521,43080,4307,4031,0,4031,276,2394,0.9359,0.0000,324080,301670,22410
276,1801,1811,3243601,36120,3611,3407,0,3407,204,2009,0.9435,0.0000,327691,305077,22614
277,1811,1823,3279721,43608,4360,4101,1,4100,259,2464,0.9406,0.0002,332051,309178,22873
278,1823,1831,3323329,29232,2922,2756,0,2756,166,1623,0.9432,0.0000,334973,311934,23039
279,1831,1847,3352561,58848,5884,5524,0,5524,360,3308,0.9388,0.0000,340857,317458,23399
280,1847,1861,3411409,51912,5190,4888,2,4886,302,2919,0.9418,0.0004,346047,322346,23701
281,1861,1867,3463321,22368,2236,2117,0,2117,119,1273,0.9468,0.0000,348283,324463,23820
282,1867,1871,3485689,14952,1494,1408,0,1408,86,852,0.9424,0.0000,349777,325871,23906
283,1871,1873,3500641,7488,748,706,0,706,42,407,0.9439,0.0000,350525,326577,23948
284,1873,1877,3508129,15000,1499,1411,1,1410,88,857,0.9413,0.0007,352024,327988,24036
285,1877,1879,3523129,7512,750,704,0,704,46,439,0.9387,0.0000,352774,328692,24082
286,1879,1889,3530641,37680,3767,3540,0,3540,227,2110,0.9397,0.0000,356541,332232,24309
287,1889,1901,3568321,45480,4547,4275,0,4275,272,2531,0.9402,0.0000,361088,336507,24581
288,1901,1907,3613801,22848,2284,2133,0,2133,151,1274,0.9339,0.0000,363372,338640,24732
289,1907,1913,3636649,22920,2291,2156,0,2156,135,1303,0.9411,0.0000,365663,340796,24867
290,1913,1931,3659569,69192,6918,6496,0,6496,422,3860,0.9390,0.0000,372581,347292,25289
291,1931,1933,3728761,7728,772,729,0,729,43,415,0.9443,0.0000,373353,348021,25332
292,1933,1949,3736489,62112,6210,5859,1,5858,351,3523,0.9435,0.0002,379563,353880,25683
293,1949,1951,3798601,7800,779,736,0,736,43,445,0.9448,0.0000,380342,354616,25726
294,1951,1973,3806401,86328,8632,8112,1,8111,520,4875,0.9398,0.0001,388974,362728,26246
295,1973,1979,3892729,23712,2370,2238,0,2238,132,1334,0.9443,0.0000,391344,364966,26378
296,1979,1987,3916441,31728,3172,2964,0,2964,208,1802,0.9344,0.0000,394516,367930,26586
297,1987,1993,3948169,23880,2387,2269,1,2268,118,1372,0.9506,0.0004,396903,370199,26704
298,1993,1997,3972049,15960,1595,1509,0,1509,86,900,0.9461,0.0000,398498,371708,26790
299,1997,1999,3988009,7992,798,756,0,756,42,452,0.9474,0.0000,399296,372464,26832
300,1999,2003,3996001,16008,1600,1507,1,1506,93,883,0.9419,0.0007,400896,373971,26925
301,2003,2011,4012009,32112,3210,3005,1,3004,205,1810,0.9361,0.0003,404106,376976,27130
302,2011,2017,4044121,24168,2416,2276,0,2276,140,1380,0.9421,0.0000,406522,379252,27270
303,2017,2027,4068289,40440,4043,3806,0,3806,237,2291,0.9414,0.0000,410565,383058,27507
304,2027,2029,4108729,8112,810,768,0,768,42,454,0.9481,0.0000,411375,383826,27549
305,2029,2039,4116841,40680,4067,3838,0,3838,229,2327,0.9437,0.0000,415442,387664,27778
306,2039,2053,4157521,57288,5728,5398,0,5398,330,3218,0.9424,0.0000,421170,393062,28108
307,2053,2063,4214809,41160,4115,3880,0,3880,235,2334,0.9429,0.0000,425285,396942,28343
308,2063,2069,4255969,24792,2478,2344,0,2344,134,1398,0.9459,0.0000,427763,399286,28477
309,2069,2081,4280761,49800,4979,4710,1,4709,269,2855,0.9460,0.0002,432742,403996,28746
310,2081,2083,4330561,8328,832,783,0,783,49,486,0.9411,0.0000,433574,404779,28795
311,2083,2087,4338889,16680,1667,1585,0,1585,82,948,0.9508,0.0000,435241,406364,28877
312,2087,2089,4355569,8352,834,786,0,786,48,468,0.9424,0.0000,436075,407150,28925
313,2089,2099,4363921,41880,4187,3948,0,3948,239,2355,0.9429,0.0000,440262,411098,29164
314,2099,2111,4405801,50520,5051,4763,0,4763,288,2855,0.9430,0.0000,445313,415861,29452
315,2111,2113,4456321,8448,844,791,0,791,53,473,0.9372,0.0000,446157,416652,29505
316,2113,2129,4464769,67872,6786,6409,2,6407,377,3821,0.9444,0.0003,452943,423061,29882
317,2129,2131,4532641,8520,851,806,0,806,45,476,0.9471,0.0000,453794,423867,29927
318,2131,2137,4541161,25608,2560,2427,0,2427,133,1455,0.9480,0.0000,456354,426294,30060
319,2137,2141,4566769,17112,1710,1608,0,1608,102,967,0.9404,0.0000,458064,427902,30162
320,2141,2143,4583881,8568,856,810,0,810,46,484,0.9463,0.0000,458920,428712,30208
321,2143,2153,4592449,42960,4295,4061,1,4060,234,2427,0.9455,0.0002,463215,432773,30442
322,2153,2161,4635409,34512,3450,3260,0,3260,190,1964,0.9449,0.0000,466665,436033,30632
323,2161,2179,4669921,78120,7811,7373,0,7373,438,4412,0.9439,0.0000,474476,443406,31070
324,2179,2203,4748041,105168,10516,9945,0,9945,571,5982,0.9457,0.0000,484992,453351,31641
325,2203,2207,4853209,17640,1763,1662,0,1662,101,1017,0.9427,0.0000,486755,455013,31742
326,2207,2213,4870849,26520,2651,2514,0,2514,137,1481,0.9483,0.0000,489406,457527,31879
327,2213,2221,4897369,35472,3546,3332,0,3332,214,2036,0.9397,0.0000,492952,460859,32093
328,2221,2237,4932841,71328,7132,6745,1,6744,387,4020,0.9457,0.0001,500084,467604,32480
329,2237,2239,5004169,8952,894,846,0,846,48,523,0.9463,0.0000,500978,468450,32528
330,2239,2243,5013121,17928,1792,1702,1,1701,90,1015,0.9498,0.0006,502770,470152,32618
331,2243,2251,5031049,35952,3594,3416,0,3416,178,2047,0.9505,0.0000,506364,473568,32796
332,2251,2267,5067001,72288,7228,6842,0,6842,386,4113,0.9466,0.0000,513592,480410,33182
333,2267,2269,5139289,9072,906,859,0,859,47,524,0.9481,0.0000,514498,481269,33229
334,2269,2273,5148361,18168,1816,1707,0,1707,109,1057,0.9400,0.0000,516314,482976,33338
335,2273,2281,5166529,36432,3642,3440,0,3440,202,2077,0.9445,0.0000,519956,486416,33540
336,2281,2287,5202961,27408,2740,2602,0,2602,138,1526,0.9496,0.0000,522696,489018,33678
337,2287,2293,5230369,27480,2747,2587,0,2587,160,1556,0.9418,0.0000,525443,491605,33838
338,2293,2297,5257849,18360,1835,1740,0,1740,95,1041,0.9482,0.0000,527278,493345,33933
339,2297,2309,5276209,55272,5526,5224,0,5224,302,3152,0.9453,0.0000,532804,498569,34235
340,2309,2311,5331481,9240,923,872,1,871,51,519,0.9447,0.0011,533727,499441,34286
341,2311,2333,5340721,102168,10216,9661,0,9661,555,5868,0.9457,0.0000,543943,509102,34841
342,2333,2339,5442889,28032,2802,2623,0,2623,179,1610,0.9361,0.0000,546745,511725,35020
343,2339,2341,5470921,9360,935,892,0,892,43,538,0.9540,0.0000,547680,512617,35063
344,2341,2347,5480281,28128,2812,2654,0,2654,158,1595,0.9438,0.0000,550492,515271,35221
345,2347,2351,5508409,18792,1878,1765,0,1765,113,1122,0.9398,0.0000,552370,517036,35334
346,2351,2357,5527201,28248,2824,2675,0,2675,149,1611,0.9472,0.0000,555194,519711,35483
347,2357,2371,5555449,66192,6618,6243,2,6241,375,3815,0.9433,0.0003,561812,525954,35858
348,2371,2377,5621641,28488,2848,2696,0,2696,152,1652,0.9466,0.0000,564660,528650,36010
349,2377,2381,5650129,19032,1902,1809,0,1809,93,1102,0.9511,0.0000,566562,530459,36103
350,2381,2383,5669161,9528,952,904,0,904,48,546,0.9496,0.0000,567514,531363,36151
351,2383,2389,5678689,28632,2862,2717,0,2717,145,1591,0.9493,0.0000,570376,534080,36296
352,2389,2393,5707321,19128,1912,1799,0,1799,113,1076,0.9409,0.0000,572288,535879,36409
353,2393,2399,5726449,28752,2874,2723,0,2723,151,1648,0.9475,0.0000,575162,538602,36560
354,2399,2411,5755201,57720,5771,5451,0,5451,320,3343,0.9446,0.0000,580933,544053,36880
355,2411,2417,5812921,28968,2896,2740,0,2740,156,1670,0.9461,0.0000,583829,546793,37036
356,2417,2423,5841889,29040,2903,2743,0,2743,160,1681,0.9449,0.0000,586732,549536,37196
357,2423,2437,5870929,68040,6803,6414,1,6413,389,3833,0.9428,0.0002,593535,555950,37585
358,2437,2441,5938969,19512,1950,1846,0,1846,104,1123,0.9467,0.0000,595485,557796,37689
359,2441,2447,5958481,29328,2932,2781,0,2781,151,1689,0.9485,0.0000,598417,560577,37840
360,2447,2459,5987809,58872,5886,5551,0,5551,335,3398,0.9431,0.0000,604303,566128,38175
361,2459,2467,6046681,39408,3940,3731,0,3731,209,2274,0.9470,0.0000,608243,569859,38384
362,2467,2473,6086089,29640,2963,2787,1,2786,176,1684,0.9406,0.0004,611206,572646,38560
363,2473,2477,6115729,19800,1979,1858,0,1858,121,1162,0.9389,0.0000,613185,574504,38681
364,2477,2503,6135529,129480,12947,12236,1,12235,711,7405,0.9451,0.0001,626132,586740,39392
365,2503,2521,6265009,90432,9042,8577,1,8576,465,5163,0.9486,0.0001,635174,595317,39857
366,2521,2531,6355441,50520,5051,4788,0,4788,263,2931,0.9479,0.0000,640225,600105,40120
367,2531,2539,6405961,40560,4055,3857,0,3857,198,2318,0.9512,0.0000,644280,603962,40318
368,2539,2543,6446521,20328,2032,1922,1,1921,110,1155,0.9459,0.0005,646312,605884,40428
369,2543,2549,6466849,30552,3054,2886,0,2886,168,1779,0.9450,0.0000,649366,608770,40596
370,2549,2551,6497401,10200,1019,958,1,957,61,592,0.9401,0.0010,650385,609728,40657
371,2551,2557,6507601,30648,3064,2891,0,2891,173,1774,0.9435,0.0000,653449,612619,40830
372,2557,2579,6538249,112992,11298,10721,0,10721,577,6465,0.9489,0.0000,664747,623340,41407
373,2579,2591,6651241,62040,6203,5882,0,5882,321,3558,0.9483,0.0000,670950,629222,41728
374,2591,2593,6713281,10368,1036,982,0,982,54,587,0.9479,0.0000,671986,630204,41782
375,2593,2609,6723649,83232,8322,7891,1,7890,431,4804,0.9482,0.0001,680308,638095,42213
376,2609,2617,6806881,41808,4180,3968,1,3967,212,2407,0.9493,0.0003,684488,642063,42425
377,2617,2621,6848689,20952,2094,1978,1,1977,116,1177,0.9446,0.0005,686582,644041,42541
378,2621,2633,6869641,63048,6304,5962,1,5961,342,3657,0.9457,0.0002,692886,650003,42883
379,2633,2647,6932689,73920,7391,6989,0,6989,402,4227,0.9456,0.0000,700277,656992,43285
380,2647,2657,7006609,53040,5303,5015,0,5015,288,3029,0.9457,0.0000,705580,662007,43573
381,2657,2659,7059649,10632,1062,1018,0,1018,44,632,0.9586,0.0000,706642,663025,43617
382,2659,2663,7070281,21288,2128,2016,0,2016,112,1206,0.9474,0.0000,708770,665041,43729
383,2663,2671,7091569,42672,4266,4041,0,4041,225,2509,0.9473,0.0000,713036,669082,43954
384,2671,2677,7134241,32088,3208,3031,0,3031,177,1849,0.9448,0.0000,716244,672113,44131
385,2677,2683,7166329,32160,3215,3052,1,3051,163,1878,0.9493,0.0003,719459,675165,44294
386,2683,2687,7198489,21480,2147,2028,0,2028,119,1250,0.9446,0.0000,721606,677193,44413
387,2687,2689,7219969,10752,1074,1018,0,1018,56,625,0.9479,0.0000,722680,678211,44469
388,2689,2693,7230721,21528,2152,2039,0,2039,113,1234,0.9475,0.0000,724832,680250,44582
389,2693,2699,7252249,32352,3234,3064,0,3064,170,1852,0.9474,0.0000,728066,683314,44752
390,2699,2707,7284601,43248,4324,4092,1,4091,232,2497,0.9463,0.0002,732390,687406,44984
391,2707,2711,7327849,21672,2166,2048,0,2048,118,1276,0.9455,0.0000,734556,689454,45102
392,2711,2713,7349521,10848,1084,1030,0,1030,54,622,0.9502,0.0000,735640,690484,45156
393,2713,2719,7360369,32592,3258,3092,0,3092,166,1874,0.9490,0.0000,738898,693576,45322
394,2719,2729,7392961,54480,5447,5150,0,5150,297,3162,0.9455,0.0000,744345,698726,45619
395,2729,2731,7447441,10920,1091,1029,1,1028,62,641,0.9432,0.0010,745436,699755,45681
396,2731,2741,7458361,54720,5471,5178,1,5177,293,3227,0.9464,0.0002,750907,704933,45974
397,2741,2749,7513081,43920,4391,4147,0,4147,244,2528,0.9444,0.0000,755298,709080,46218
398,2749,2753,7557001,22008,2200,2078,0,2078,122,1299,0.9445,0.0000,757498,711158,46340
399,2753,2767,7579009,77280,7727,7313,1,7312,414,4481,0.9464,0.0001,765225,718471,46754
400,2767,2777,7656289,55440,5543,5247,0,5247,296,3207,0.9466,0.0000,770768,723718,47050
401,2777,2789,7711729,66792,6678,6305,1,6304,373,3921,0.9441,0.0002,777446,730023,47423
402,2789,2791,7778521,11160,1115,1053,0,1053,62,659,0.9444,0.0000,778561,731076,47485
403,2791,2797,7789681,33528,3352,3157,0,3157,195,1924,0.9418,0.0000,781913,734233,47680
404,2797,2801,7823209,22392,2238,2120,0,2120,118,1296,0.9473,0.0000,784151,736353,47798
405,2801,2803,7845601,11208,1120,1064,0,1064,56,646,0.9500,0.0000,785271,737417,47854
406,2803,2819,7856809,89952,8994,8525,0,8525,469,5201,0.9479,0.0000,794265,745942,48323
407,2819,2833,7946761,79128,7912,7488,1,7487,424,4611,0.9464,0.0001,802177,753430,48747
408,2833,2837,8025889,22680,2267,2151,0,2151,116,1336,0.9488,0.0000,804444,755581,48863
409,2837,2843,8048569,34080,3407,3218,0,3218,189,1982,0.9445,0.0000,807851,758799,49052
410,2843,2851,8082649,45552,4554,4340,0,4340,214,2600,0.9530,0.0000,812405,763139,49266
411,2851,2857,8128201,34248,3424,3255,0,3255,169,1984,0.9506,0.0000,815829,766394,49435
412,2857,2861,8162449,22872,2286,2148,0,2148,138,1321,0.9396,0.0000,818115,768542,49573
413,2861,2879,8185321,103320,10331,9774,1,9773,557,6048,0.9461,0.0001,828446,778316,50130
414,2879,2887,8288641,46128,4612,4393,0,4393,219,2685,0.9525,0.0000,833058,782709,50349
415,2887,2897,8334769,57840,5783,5478,0,5478,305,3381,0.9473,0.0000,838841,788187,50654
416,2897,2903,8392609,34800,3479,3289,0,3289,190,2038,0.9454,0.0000,842320,791476,50844
417,2903,2909,8427409,34872,3486,3311,0,3311,175,2042,0.9498,0.0000,845806,794787,51019
418,2909,2917,8462281,46608,4660,4406,0,4406,254,2721,0.9455,0.0000,850466,799193,51273
419,2917,2927,8508889,58440,5843,5522,0,5522,321,3374,0.9451,0.0000,856309,804715,51594
420,2927,2939,8567329,70392,7038,6653,0,6653,385,4090,0.9453,0.0000,863347,811368,51979
421,2939,2953,8637721,82488,8248,7813,0,7813,435,4739,0.9473,0.0000,871595,819181,52414
422,2953,2957,8720209,23640,2363,2251,1,2250,112,1368,0.9526,0.0004,873958,821432,52526
423,2957,2963,8743849,35520,3551,3369,0,3369,182,2087,0.9487,0.0000,877509,824801,52708
424,2963,2969,8779369,35592,3558,3374,0,3374,184,2077,0.9483,0.0000,881067,828175,52892
425,2969,2971,8814961,11880,1187,1127,0,1127,60,692,0.9495,0.0000,882254,829302,52952
426,2971,2999,8826841,167160,16715,15841,1,15840,874,9749,0.9477,0.0001,898969,845143,53826
427,2999,3001,8994001,12000,1199,1145,0,1145,54,715,0.9550,0.0000,900168,846288,53880
428,3001,3011,9006001,60120,6011,5713,0,5713,298,3533,0.9504,0.0000,906179,852001,54178
429,3011,3019,9066121,48240,4823,4569,0,4569,254,2801,0.9473,0.0000,911002,856570,54432
430,3019,3023,9114361,24168,2416,2292,0,2292,124,1397,0.9487,0.0000,913418,858862,54556
431,3023,3037,9138529,84840,8483,8054,1,8053,429,4928,0.9494,0.0001,921901,866916,54985
432,3037,3041,9223369,24312,2430,2316,1,2315,114,1402,0.9531,0.0004,924331,869232,55099
433,3041,3049,9247681,48720,4871,4608,0,4608,263,2856,0.9460,0.0000,929202,873840,55362
434,3049,3061,9296401,73320,7331,6937,2,6935,394,4266,0.9463,0.0003,936533,880777,55756
435,3061,3067,9369721,36768,3676,3487,0,3487,189,2158,0.9486,0.0000,940209,884264,55945
436,3067,3079,9406489,73752,7374,6997,0,6997,377,4357,0.9489,0.0000,947583,891261,56322
437,3079,3083,9480241,24648,2464,2355,1,2354,109,1428,0.9558,0.0004,950047,893616,56431
438,3083,3089,9504889,37032,3702,3525,0,3525,177,2176,0.9522,0.0000,953749,897141,56608
439,3089,3109,9541921,123960,12395,11729,2,11727,666,7279,0.9463,0.0002,966144,908870,57274
440,3109,3119,9665881,62280,6227,5896,0,5896,331,3665,0.9468,0.0000,972371,914766,57605
441,3119,3121,9728161,12480,1247,1179,0,1179,68,718,0.9455,0.0000,973618,915945,57673
442,3121,3137,9740641,100128,10012,9479,1,9478,533,5900,0.9468,0.0001,983630,925424,58206
443,3137,3163,9840769,163800,16379,15586,3,15583,793,9661,0.9516,0.0002,1000009,941010,58999
444,3163,3167,10004569,25320,2531,2396,1,2395,135,1473,0.9467,0.0004,1002540,943406,59134
445,3167,3169,10029889,12672,1266,1195,0,1195,71,745,0.9439,0.0000,1003806,944601,59205
446,3169,3181,10042561,76200,7619,7232,0,7232,387,4448,0.9492,0.0000,1011425,951833,59592
447,3181,3187,10118761,38208,3820,3611,1,3610,209,2232,0.9453,0.0003,1015245,955444,59801
448,3187,3191,10156969,25512,2550,2427,0,2427,123,1515,0.9518,0.0000,1017795,957871,59924
449,3191,3203,10182481,76728,7672,7275,0,7275,397,4556,0.9483,0.0000,1025467,965146,60321
450,3203,3209,10259209,38472,3846,3629,0,3629,217,2261,0.9436,0.0000,1029313,968775,60538
451,3209,3217,10297681,51408,5140,4901,0,4901,239,3001,0.9535,0.0000,1034453,973676,60777
452,3217,3221,10349089,25752,2574,2446,0,2446,128,1514,0.9503,0.0000,1037027,976122,60905
453,3221,3229,10374841,51600,5159,4913,0,4913,246,3023,0.9523,0.0000,1042186,981035,61151
454,3229,3251,10426441,142560,14255,13536,0,13536,719,8304,0.9496,0.0000,1056441,994571,61870
455,3251,3253,10569001,13008,1300,1238,0,1238,62,771,0.9523,0.0000,1057741,995809,61932
456,3253,3257,10582009,26040,2603,2478,1,2477,125,1513,0.9520,0.0004,1060344,998287,62057
457,3257,3259,10608049,13032,1302,1227,0,1227,75,781,0.9424,0.0000,1061646,999514,62132
458,3259,3271,10621081,78360,7835,7423,0,7423,412,4549,0.9474,0.0000,1069481,1006937,62544
459,3271,3299,10699441,183960,18395,17467,0,17467,928,10785,0.9496,0.0000,1087876,1024404,63472
460,3299,3301,10883401,13200,1319,1243,0,1243,76,794,0.9424,0.0000,1089195,1025647,63548
461,3301,3307,10896601,39648,3964,3770,0,3770,194,2311,0.9511,0.0000,1093159,1029417,63742
462,3307,3313,10936249,39720,3971,3789,1,3788,182,2297,0.9542,0.0003,1097130,1033206,63924
463,3313,3319,10975969,39792,3978,3797,0,3797,181,2322,0.9545,0.0000,1101108,1037003,64105
464,3319,3323,11015761,26568,2656,2539,0,2539,117,1561,0.9559,0.0000,1103764,1039542,64222
465,3323,3329,11042329,39912,3990,3773,0,3773,217,2332,0.9456,0.0000,1107754,1043315,64439
466,3329,3331,11082241,13320,1331,1266,0,1266,65,773,0.9512,0.0000,1109085,1044581,64504
467,3331,3343,11095561,80088,8008,7587,0,7587,421,4740,0.9474,0.0000,1117093,1052168,64925
468,3343,3347,11175649,26760,2675,2542,0,2542,133,1541,0.9503,0.0000,1119768,1054710,65058
469,3347,3359,11202409,80472,8046,7642,1,7641,404,4776,0.9498,0.0001,1127814,1062352,65462
470,3359,3361,11282881,13440,1343,1277,1,1276,66,766,0.9509,0.0008,1129157,1063629,65528
471,3361,3371,11296321,67320,6731,6418,1,6417,313,3963,0.9535,0.0002,1135888,1070047,65841
472,3371,3373,11363641,13488,1348,1278,0,1278,70,789,0.9481,0.0000,1137236,1071325,65911
473,3373,3389,11377129,108192,10818,10279,1,10278,539,6401,0.9502,0.0001,1148054,1081604,66450
474,3389,3391,11485321,13560,1355,1290,1,1289,65,774,0.9520,0.0008,1149409,1082894,66515
475,3391,3407,11498881,108768,10876,10322,0,10322,554,6379,0.9491,0.0000,1160285,1093216,67069
476,3407,3413,11607649,40920,4091,3906,0,3906,185,2375,0.9548,0.0000,1164376,1097122,67254
477,3413,3433,11648569,136920,13691,12998,0,12998,693,8110,0.9494,0.0000,1178067,1110120,67947
478,3433,3449,11785489,110112,11010,10492,1,10491,518,6462,0.9530,0.0001,1189077,1120612,68465
479,3449,3457,11895601,55248,5524,5244,0,5244,280,3247,0.9493,0.0000,1194601,1125856,68745
480,3457,3461,11950849,27672,2766,2621,1,2620,145,1635,0.9476,0.0004,1197367,1128477,68890
481,3461,3463,11978521,13848,1384,1316,0,1316,68,816,0.9509,0.0000,1198751,1129793,68958
482,3463,3467,11992369,27720,2771,2623,1,2622,148,1637,0.9466,0.0004,1201522,1132416,69106
483,3467,3469,12020089,13872,1386,1324,0,1324,62,832,0.9553,0.0000,1202908,1133740,69168
484,3469,3491,12033961,153120,15311,14554,1,14553,757,9066,0.9506,0.0001,1218219,1148294,69925
485,3491,3499,12187081,55920,5591,5300,0,5300,291,3260,0.9480,0.0000,1223810,1153594,70216
486,3499,3511,12243001,84120,8411,7995,1,7994,416,4954,0.9505,0.0001,1232221,1161589,70632
487,3511,3517,12327121,42168,4216,4010,0,4010,206,2467,0.9511,0.0000,1236437,1165599,70838
488,3517,3527,12369289,70440,7043,6689,1,6688,354,4178,0.9497,0.0001,1243480,1172288,71192
489,3527,3529,12439729,14112,1410,1337,0,1337,73,816,0.9482,0.0000,1244890,1173625,71265
490,3529,3533,12453841,28248,2824,2681,0,2681,143,1669,0.9494,0.0000,1247714,1176306,71408
491,3533,3539,12482089,42432,4242,4040,0,4040,202,2510,0.9524,0.0000,1251956,1180346,71610
492,3539,3541,12524521,14160,1415,1364,0,1364,51,850,0.9640,0.0000,1253371,1181710,71661
493,3541,3547,12538681,42528,4252,4055,0,4055,197,2520,0.9537,0.0000,1257623,1185765,71858
494,3547,3557,12581209,71040,7103,6746,0,6746,357,4204,0.9497,0.0000,1264726,1192511,72215
495,3557,3559,12652249,14232,1422,1367,0,1367,55,840,0.9613,0.0000,1266148,1193878,72270
496,3559,3571,12666481,85560,8555,8125,0,8125,430,5056,0.9497,0.0000,1274703,1202003,72700
497,3571,3581,12752041,71520,7151,6786,0,6786,365,4202,0.9490,0.0000,1281854,1208789,73065
498,3581,3583,12823561,14328,1432,1361,0,1361,71,836,0.9504,0.0000,1283286,1210150,73136
499,3583,3593,12837889,71760,7175,6839,0,6839,336,4252,0.9532,0.0000,1290461,1216989,73472
500,3593,3607,12909649,100800,10079,9606,1,9605,473,5948,0.9531,0.0001,1300540,1226595,73945
501,3607,3613,13010449,43320,4331,4116,0,4116,215,2560,0.9504,0.0000,1304871,1230711,74160
502,3613,3617,13053769,28920,2891,2760,0,2760,131,1738,0.9547,0.0000,1307762,1233471,74291
503,3617,3623,13082689,43440,4343,4139,1,4138,204,2571,0.9530,0.0002,1312105,1237610,74495
504,3623,3631,13126129,58032,5802,5529,0,5529,273,3417,0.9529,0.0000,1317907,1243139,74768
505,3631,3637,13184161,43608,4360,4135,0,4135,225,2586,0.9484,0.0000,1322267,1247274,74993
506,3637,3643,13227769,43680,4367,4164,0,4164,203,2589,0.9535,0.0000,1326634,1251438,75196
507,3643,3659,13271449,116832,11682,11092,0,11092,590,6918,0.9495,0.0000,1338316,1262530,75786
508,3659,3671,13388281,87960,8795,8357,0,8357,438,5238,0.9502,0.0000,1347111,1270887,76224
509,3671,3673,13476241,14688,1468,1387,0,1387,81,873,0.9448,0.0000,1348579,1272274,76305
510,3673,3677,13490929,29400,2939,2802,0,2802,137,1731,0.9534,0.0000,1351518,1275076,76442
511,3677,3691,13520329,103152,10314,9807,1,9806,507,6096,0.9508,0.0001,1361832,1284883,76949
512,3691,3697,13623481,44328,4432,4227,1,4226,205,2614,0.9537,0.0002,1366264,1289110,77154
513,3697,3701,13667809,29592,2958,2806,0,2806,152,1757,0.9486,0.0000,1369222,1291916,77306
514,3701,3709,13697401,59280,5927,5641,0,5641,286,3500,0.9517,0.0000,1375149,1297557,77592
515,3709,3719,13756681,74280,7427,7068,1,7067,359,4372,0.9517,0.0001,1382576,1304625,77951
516,3719,3727,13830961,59568,5956,5651,0,5651,305,3500,0.9488,0.0000,1388532,1310276,78256
517,3727,3733,13890529,44760,4475,4267,0,4267,208,2630,0.9535,0.0000,1393007,1314543,78464
518,3733,3739,13935289,44832,4482,4263,0,4263,219,2730,0.9511,0.0000,1397489,1318806,78683
519,3739,3761,13980121,165000,16499,15678,1,15677,821,9764,0.9502,0.0001,1413988,1334484,79504
520,3761,3767,14145121,45168,4516,4300,1,4299,216,2717,0.9522,0.0002,1418504,1338784,79720
521,3767,3769,14190289,15072,1506,1428,0,1428,78,924,0.9482,0.0000,1420010,1340212,79798
522,3769,3779,14205361,75480,7547,7142,0,7142,405,4470,0.9463,0.0000,1427557,1347354,80203
523,3779,3793,14280841,106008,10600,10078,0,10078,522,6269,0.9508,0.0000,1438157,1357432,80725
524,3793,3797,14386849,30360,3035,2895,0,2895,140,1799,0.9539,0.0000,1441192,1360327,80865
525,3797,3803,14417209,45600,4559,4365,0,4365,194,2720,0.9574,0.0000,1445751,1364692,81059
526,3803,3821,14462809,137232,13722,13055,0,13055,667,8151,0.9514,0.0000,1459473,1377747,81726
527,3821,3823,14600041,15288,1528,1458,0,1458,70,920,0.9542,0.0000,1461001,1379205,81796
528,3823,3833,14615329,76560,7655,7298,0,7298,357,4522,0.9534,0.0000,1468656,1386503,82153
529,3833,3847,14691889,107520,10751,10247,0,10247,504,6382,0.9531,0.0000,1479407,1396750,82657
530,3847,3851,14799409,30792,3078,2928,0,2928,150,1830,0.9513,0.0000,1482485,1399678,82807
531,3851,3853,14830201,15408,1540,1450,0,1450,90,899,0.9416,0.0000,1484025,1401128,82897
532,3853,3863,14845609,77160,7715,7362,0,7362,353,4606,0.9542,0.0000,1491740,1408490,83250
533,3863,3877,14922769,108360,10835,10271,2,10269,564,6483,0.9479,0.0002,1502575,1418761,83814
534,3877,3881,15031129,31032,3102,2944,1,2943,158,1836,0.9491,0.0003,1505677,1421705,83972
535,3881,3889,15062161,62160,6215,5900,0,5900,315,3721,0.9493,0.0000,1511892,1427605,84287
536,3889,3907,15124321,140328,14032,13383,1,13382,649,8303,0.9537,0.0001,1525924,1440988,84936
537,3907,3911,15264649,31272,3126,2974,0,2974,152,1852,0.9514,0.0000,1529050,1443962,85088
538,3911,3917,15295921,46968,4696,4459,0,4459,237,2790,0.9495,0.0000,1533746,1448421,85325
539,3917,3919,15342889,15672,1566,1485,0,1485,81,911,0.9483,0.0000,1535312,1449906,85406
540,3919,3923,15358561,31368,3136,2977,0,2977,159,1920,0.9493,0.0000,1538448,1452883,85565
541,3923,3929,15389929,47112,4710,4477,0,4477,233,2887,0.9505,0.0000,1543158,1457360,85798
542,3929,3931,15437041,15720,1571,1509,0,1509,62,921,0.9605,0.0000,1544729,1458869,85860
543,3931,3943,15452761,94488,9448,8972,0,8972,476,5609,0.9496,0.0000,1554177,1467841,86336
544,3943,3947,15547249,31560,3155,2993,0,2993,162,1865,0.9487,0.0000,1557332,1470834,86498
545,3947,3967,15578809,158280,15827,15057,0,15057,770,9426,0.9513,0.0000,1573159,1485891,87268
546,3967,3989,15737089,175032,17502,16669,0,16669,833,10431,0.9524,0.0000,1590661,1502560,88101
547,3989,4001,15912121,95880,9587,9134,0,9134,453,5693,0.9527,0.0000,1600248,1511694,88554
548,4001,4003,16008001,16008,1600,1531,0,1531,69,948,0.9569,0.0000,1601848,1513225,88623
549,4003,4007,16024009,32040,3203,3054,0,3054,149,1931,0.9535,0.0000,1605051,1516279,88772
550,4007,4013,16056049,48120,4811,4589,1,4588,222,2838,0.9539,0.0002,1609862,1520868,88994
551,4013,4019,16104169,48192,4818,4571,0,4571,247,2892,0.9487,0.0000,1614680,1525439,89241
552,4019,4021,16152361,16080,1607,1539,0,1539,68,966,0.9577,0.0000,1616287,1526978,89309
553,4021,4027,16168441,48288,4828,4611,0,4611,217,2854,0.9551,0.0000,1621115,1531589,89526
554,4027,4049,16216729,177672,17766,16929,1,16928,837,10597,0.9529,0.0001,1638881,1548518,90363
555,4049,4051,16394401,16200,1619,1538,0,1538,81,984,0.9500,0.0000,1640500,1550056,90444
556,4051,4057,16410601,48648,4864,4609,0,4609,255,2924,0.9476,0.0000,1645364,1554665,90699
557,4057,4073,16459249,130080,13007,12382,0,12382,625,7739,0.9519,0.0000,1658371,1567047,91324
558,4073,4079,16589329,48912,4890,4631,0,4631,259,2912,0.9470,0.0000,1663261,1571678,91583
559,4079,4091,16638241,98040,9803,9348,0,9348,455,5810,0.9536,0.0000,1673064,1581026,92038
560,4091,4093,16736281,16368,1636,1550,0,1550,86,998,0.9474,0.0000,1674700,1582576,92124
561,4093,4099,16752649,49152,4914,4703,0,4703,211,2854,0.9571,0.0000,1679614,1587279,92335
562,4099,4111,16801801,98520,9851,9384,1,9383,467,5914,0.9526,0.0001,1689465,1596663,92802
563,4111,4127,16900321,131808,13180,12527,0,12527,653,7806,0.9505,0.0000,1702645,1609190,93455
564,4127,4129,17032129,16512,1650,1578,0,1578,72,995,0.9564,0.0000,1704295,1610768,93527
565,4129,4133,17048641,33048,3304,3141,0,3141,163,2000,0.9507,0.0000,1707599,1613909,93690
566,4133,4139,17081689,49632,4962,4732,0,4732,230,2955,0.9536,0.0000,1712561,1618641,93920
567,4139,4153,17131321,116088,11608,11040,3,11037,568,7004,0.9511,0.0003,1724169,1629681,94488
568,4153,4157,17247409,33240,3323,3175,0,3175,148,1996,0.9555,0.0000,1727492,1632856,94636
569,4157,4159,17280649,16632,1662,1573,0,1573,89,987,0.9465,0.0000,1729154,1634429,94725
570,4159,4177,17297281,150048,15004,14310,0,14310,694,8899,0.9537,0.0000,1744158,1648739,95419
571,4177,4201,17447329,201072,20106,19146,1,19145,960,11974,0.9523,0.0001,1764264,1667885,96379
572,4201,4211,17648401,84120,8411,8004,0,8004,407,5077,0.9516,0.0000,1772675,1675889,96786
573,4211,4217,17732521,50568,5056,4793,1,4792,263,3076,0.9480,0.0002,1777731,1680682,97049
574,4217,4219,17783089,16872,1686,1601,0,1601,85,1000,0.9496,0.0000,1779417,1682283,97134
575,4219,4229,17799961,84480,8447,8040,0,8040,407,5078,0.9518,0.0000,1787864,1690323,97541
576,4229,4231,17884441,16920,1691,1609,0,1609,82,1020,0.9515,0.0000,1789555,1691932,97623
577,4231,4241,17901361,84720,8471,8058,0,8058,413,4990,0.9512,0.0000,1798026,1699990,98036
578,4241,4243,17986081,16968,1696,1617,0,1617,79,1015,0.9534,0.0000,1799722,1701607,98115
579,4243,4253,18003049,84960,8495,8118,0,8118,377,5113,0.9556,0.0000,1808217,1709725,98492
580,4253,4259,18088009,51072,5106,4881,0,4881,225,3041,0.9559,0.0000,1813323,1714606,98717
581,4259,4261,18139081,17040,1703,1621,1,1620,82,1017,0.9518,0.0006,1815026,1716227,98799
582,4261,4271,18156121,85320,8531,8141,0,8141,390,5086,0.9543,0.0000,1823557,1724368,99189
583,4271,4273,18241441,17088,1708,1619,0,1619,89,1030,0.9479,0.0000,1825265,1725987,99278
584,4273,4283,18258529,85560,8555,8145,1,8144,410,5099,0.9521,0.0001,1833820,1734132,99688
585,4283,4289,18344089,51432,5142,4901,0,4901,241,3114,0.9531,0.0000,1838962,1739033,99929
586,4289,4297,18395521,68688,6868,6557,0,6557,311,4086,0.9547,0.0000,1845830,1745590,100240
587,4297,4327,18464209,258720,25871,24649,1,24648,1222,15504,0.9528,0.0000,1871701,1770239,101462
588,4327,4337,18722929,86640,8663,8222,1,8221,441,5200,0.9491,0.0001,1880364,1778461,101903
589,4337,4339,18809569,17352,1734,1652,0,1652,82,1030,0.9527,0.0000,1882098,1780113,101985
590,4339,4349,18826921,86880,8687,8269,1,8268,418,5265,0.9519,0.0001,1890785,1788382,102403
591,4349,4357,18913801,69648,6964,6644,0,6644,320,4163,0.9540,0.0000,1897749,1795026,102723
592,4357,4363,18983449,52320,5231,4980,1,4979,251,3109,0.9520,0.0002,1902980,1800006,102974
593,4363,4373,19035769,87360,8735,8317,0,8317,418,5252,0.9521,0.0000,1911715,1808323,103392
594,4373,4391,19123129,157752,15774,15063,1,15062,711,9449,0.9549,0.0001,1927489,1823386,104103
595,4391,4397,19280881,52728,5272,5025,0,5025,247,3172,0.9531,0.0000,1932761,1828411,104350
596,4397,4409,19333609,105672,10566,10050,1,10049,516,6305,0.9512,0.0001,1943327,1838461,104866
597,4409,4421,19439281,105960,10595,10123,0,10123,472,6338,0.9555,0.0000,1953922,1848584,105338
598,4421,4423,19545241,17688,1768,1689,0,1689,79,1084,0.9553,0.0000,1955690,1850273,105417
599,4423,4441,19562929,159552,15954,15219,0,15219,735,9578,0.9539,0.0000,1971644,1865492,106152
600,4441,4447,19722481,53328,5332,5098,0,5098,234,3181,0.9561,0.0000,1976976,1870590,106386
601,4447,4451,19775809,35592,3558,3390,0,3390,168,2118,0.9528,0.0000,1980534,1873980,106554
602,4451,4457,19811401,53448,5344,5101,1,5100,243,3223,0.9545,0.0002,1985878,1879081,106797
603,4457,4463,19864849,53520,5351,5127,0,5127,224,3193,0.9581,0.0000,1991229,1884208,107021
604,4463,4481,19918369,160992,16098,15329,1,15328,769,9641,0.9522,0.0001,2007327,1899537,107790
605,4481,4483,20079361,17928,1792,1715,0,1715,77,1086,0.9570,0.0000,2009119,1901252,107867
606,4483,4493,20097289,89760,8975,8532,0,8532,443,5453,0.9506,0.0000,2018094,1909784,108310
607,4493,4507,20187049,126000,12599,12035,1,12034,564,7580,0.9552,0.0001,2030693,1921819,108874
608,4507,4513,20313049,54120,5411,5155,0,5155,256,3241,0.9527,0.0000,2036104,1926974,109130
609,4513,4517,20367169,36120,3611,3431,1,3430,180,2200,0.9502,0.0003,2039715,1930405,109310
610,4517,4519,20403289,18072,1806,1735,0,1735,71,1079,0.9607,0.0000,2041521,1932140,109381
611,4519,4523,20421361,36168,3616,3430,1,3429,186,2202,0.9486,0.0003,2045137,1935570,109567
612,4523,4547,20457529,217680,21767,20774,1,20773,993,13029,0.9544,0.0000,2066904,1956344,110560
613,4547,4549,20675209,18192,1818,1741,0,1741,77,1065,0.9576,0.0000,2068722,1958085,110637
614,4549,4561,20693401,109320,10931,10398,0,10398,533,6590,0.9512,0.0000,2079653,1968483,111170
615,4561,4567,20802721,54768,5476,5228,0,5228,248,3307,0.9547,0.0000,2085129,1973711,111418
616,4567,4583,20857489,146400,14639,13943,0,13943,696,8804,0.9525,0.0000,2099768,1987654,112114
617,4583,4591,21003889,73392,7338,6976,0,6976,362,4412,0.9507,0.0000,2107106,1994630,112476
618,4591,4597,21077281,55128,5512,5262,0,5262,250,3322,0.9546,0.0000,2112618,1999892,112726
619,4597,4603,21132409,55200,5519,5262,0,5262,257,3354,0.9534,0.0000,2118137,2005154,112983
620,4603,4621,21187609,166032,16602,15846,0,15846,756,9966,0.9545,0.0000,2134739,2021000,113739
621,4621,4637,21353641,148128,14812,14121,0,14121,691,8896,0.9533,0.0000,2149551,2035121,114430
622,4637,4639,21501769,18552,1854,1776,0,1776,78,1158,0.9579,0.0000,2151405,2036897,114508
623,4639,4643,21520321,37128,3712,3526,0,3526,186,2237,0.9499,0.0000,2155117,2040423,114694
624,4643,4649,21557449,55752,5574,5311,0,5311,263,3336,0.9528,0.0000,2160691,2045734,114957
625,4649,4651,21613201,18600,1859,1782,1,1781,77,1122,0.9586,0.0006,2162550,2047516,115034
626,4651,4657,21631801,55848,5584,5348,0,5348,236,3338,0.9577,0.0000,2168134,2052864,115270
627,4657,4663,21687649,55920,5591,5323,0,5323,268,3360,0.9521,0.0000,2173725,2058187,115538
628,4663,4673,21743569,93360,9335,8916,1,8915,419,5596,0.9551,0.0001,2183060,2067103,115957
629,4673,4679,21836929,56112,5610,5363,0,5363,247,3378,0.9560,0.0000,2188670,2072466,116204
630,4679,4691,21893041,112440,11243,10733,0,10733,510,6735,0.9546,0.0000,2199913,2083199,116714
631,4691,4703,22005481,112728,11272,10772,1,10771,500,6821,0.9556,0.0001,2211185,2093971,117214
632,4703,4721,22118209,169632,16962,16196,1,16195,766,10237,0.9548,0.0001,2228147,2110167,117980
633,4721,4723,22287841,18888,1888,1798,0,1798,90,1111,0.9523,0.0000,2230035,2111965,118070
634,4723,4729,22306729,56712,5670,5399,0,5399,271,3458,0.9522,0.0000,2235705,2117364,118341
635,4729,4733,22363441,37848,3784,3609,0,3609,175,2280,0.9538,0.0000,2239489,2120973,118516
636,4733,4751,22401289,170712,17070,16258,0,16258,812,10303,0.9524,0.0000,2256559,2137231,119328
637,4751,4759,22572001,76080,7607,7270,0,7270,337,4578,0.9557,0.0000,2264166,2144501,119665
638,4759,4783,22648081,229008,22900,21858,1,21857,1042,13824,0.9545,0.0000,2287066,2166359,120707
639,4783,4787,22877089,38280,3827,3642,0,3642,185,2298,0.9517,0.0000,2290893,2170001,120892
640,4787,4789,22915369,19152,1914,1838,0,1838,76,1139,0.9603,0.0000,2292807,2171839,120968
641,4789,4793,22934521,38328,3832,3638,0,3638,194,2324,0.9494,0.0000,2296639,2175477,121162
642,4793,4799,22972849,57552,5754,5472,0,5472,282,3454,0.9510,0.0000,2302393,2180949,121444
643,4799,4801,23030401,19200,1919,1825,0,1825,94,1174,0.9510,0.0000,2304312,2182774,121538
644,4801,4813,23049601,115368,11536,11025,0,11025,511,6935,0.9557,0.0000,2315848,2193799,122049
645,4813,4817,23164969,38520,3851,3682,0,3682,169,2314,0.9561,0.0000,2319699,2197481,122218
646,4817,4831,23203489,135072,13506,12873,0,12873,633,8143,0.9531,0.0000,2333205,2210354,122851
647,4831,4861,23338561,290760,29075,27700,1,27699,1375,17557,0.9527,0.0000,2362280,2238054,124226
648,4861,4871,23629321,97320,9731,9264,0,9264,467,5946,0.9520,0.0000,2372011,2247318,124693
649,4871,4877,23726641,58488,5848,5588,0,5588,260,3537,0.9555,0.0000,2377859,2252906,124953
650,4877,4889,23785129,117192,11718,11203,0,11203,515,7117,0.9561,0.0000,2389577,2264109,125468
651,4889,4903,23902321,137088,13708,13069,0,13069,639,8298,0.9534,0.0000,2403285,2277178,126107
652,4903,4909,24039409,58872,5886,5609,0,5609,277,3587,0.9529,0.0000,2409171,2282787,126384
653,4909,4919,24098281,98280,9827,9369,1,9368,458,5918,0.9534,0.0001,2418998,2292156,126842
654,4919,4931,24196561,118200,11819,11283,2,11281,536,7095,0.9546,0.0002,2430817,2303439,127378
655,4931,4933,24314761,19728,1972,1887,0,1887,85,1185,0.9569,0.0000,2432789,2305326,127463
656,4933,4937,24334489,39480,3947,3760,1,3759,187,2375,0.9526,0.0003,2436736,2309086,127650
657,4937,4943,24373969,59280,5927,5674,0,5674,253,3565,0.9573,0.0000,2442663,2314760,127903
658,4943,4951,24433249,79152,7914,7563,1,7562,351,4800,0.9556,0.0001,2450577,2322323,128254
659,4951,4957,24512401,59448,5944,5661,0,5661,283,3599,0.9524,0.0000,2456521,2327984,128537
660,4957,4967,24571849,99240,9923,9472,0,9472,451,6031,0.9546,0.0000,2466444,2337456,128988
661,4967,4969,24671089,19872,1986,1886,0,1886,100,1153,0.9496,0.0000,2468430,2339342,129088
662,4969,4973,24690961,39768,3976,3775,0,3775,201,2417,0.9494,0.0000,2472406,2343117,129289
663,4973,4987,24730729,139440,13943,13317,1,13316,626,8453,0.9551,0.0001,2486349,2356434,129915
664,4987,4993,24870169,59880,5987,5730,0,5730,257,3657,0.9571,0.0000,2492336,2362164,130172
665,4993,4999,24930049,59952,5994,5703,0,5703,291,3640,0.9515,0.0000,2498330,2367867,130463
666,4999,5003,24990001,40008,4000,3800,0,3800,200,2433,0.9500,0.0000,2502330,2371667,130663
667,5003,5009,25030009,60072,6006,5746,0,5746,260,3634,0.9567,0.0000,2508336,2377413,130923
668,5009,5011,25090081,20040,2003,1913,0,1913,90,1205,0.9551,0.0000,2510339,2379326,131013
669,5011,5021,25110121,100320,10031,9606,0,9606,425,6081,0.9576,0.0000,2520370,2388932,131438
670,5021,5023,25210441,20088,2008,1929,0,1929,79,1220,0.9607,0.0000,2522378,2390861,131517
671,5023,5039,25230529,160992,16098,15421,0,15421,677,9755,0.9579,0.0000,2538476,2406282,132194
672,5039,5051,25391521,121080,12107,11540,0,11540,567,7331,0.9532,0.0000,2550583,2417822,132761
673,5051,5059,25512601,80880,8087,7701,0,7701,386,4879,0.9523,0.0000,2558670,2425523,133147
674,5059,5077,25593481,182448,18244,17405,1,17404,839,11013,0.9540,0.0001,2576914,2442928,133986
675,5077,5081,25775929,40632,4062,3858,0,3858,204,2439,0.9498,0.0000,2580976,2446786,134190
676,5081,5087,25816561,61008,6100,5824,0,5824,276,3697,0.9548,0.0000,2587076,2452610,134466
677,5087,5099,25877569,122232,12222,11645,2,11643,577,7388,0.9528,0.0002,2599298,2464255,135043
678,5099,5101,25999801,20400,2039,1951,0,1951,88,1249,0.9568,0.0000,2601337,2466206,135131
679,5101,5107,26020201,61248,6124,5845,0,5845,279,3701,0.9544,0.0000,2607461,2472051,135410
680,5107,5113,26081449,61320,6131,5845,1,5844,286,3692,0.9534,0.0002,2613592,2477896,135696
681,5113,5119,26142769,61392,6138,5880,0,5880,258,3742,0.9580,0.0000,2619730,2483776,135954
682,5119,5147,26204161,287448,28744,27465,1,27464,1279,17372,0.9555,0.0000,2648474,2511241,137233
683,5147,5153,26491609,61800,6179,5894,0,5894,285,3738,0.9539,0.0000,2654653,2517135,137518
684,5153,5167,26553409,144480,14447,13778,1,13777,669,8777,0.9537,0.0001,2669100,2530913,138187
685,5167,5171,26697889,41352,4134,3958,0,3958,176,2489,0.9574,0.0000,2673234,2534871,138363
686,5171,5179,26739241,82800,8279,7904,0,7904,375,5048,0.9547,0.0000,2681513,2542775,138738
687,5179,5189,26822041,103680,10367,9936,0,9936,431,6261,0.9584,0.0000,2691880,2552711,139169
688,5189,5197,26925721,83088,8308,7920,0,7920,388,5034,0.9533,0.0000,2700188,2560631,139557
689,5197,5209,27008809,124872,12486,11907,0,11907,579,7528,0.9536,0.0000,2712674,2572538,140136
690,5209,5227,27133681,187848,18784,17992,1,17991,792,11440,0.9578,0.0001,2731458,2590530,140928
691,5227,5231,27321529,41832,4182,4003,1,4002,179,2538,0.9572,0.0002,2735640,2594533,141107
692,5231,5233,27363361,20928,2092,1988,0,1988,104,1279,0.9503,0.0000,2737732,2596521,141211
693,5233,5237,27384289,41880,4187,4004,0,4004,183,2542,0.9563,0.0000,2741919,2600525,141394
694,5237,5261,27426169,251952,25194,24089,1,24088,1105,15280,0.9561,0.0000,2767113,2624614,142499
695,5261,5273,27678121,126408,12640,12077,1,12076,563,7690,0.9555,0.0001,2779753,2636691,143062
696,5273,5279,27804529,63312,6330,6042,0,6042,288,3892,0.9545,0.0000,2786083,2642733,143350
697,5279,5281,27867841,21120,2111,2000,0,2000,111,1281,0.9474,0.0000,2788194,2644733,143461
698,5281,5297,27888961,169248,16924,16159,1,16158,765,10227,0.9548,0.0001,2805118,2660892,144226
699,5297,5303,28058209,63600,6359,6061,1,6060,298,3882,0.9531,0.0002,2811477,2666953,144524
700,5303,5309,28121809,63672,6366,6110,0,6110,256,3857,0.9598,0.0000,2817843,2673063,144780
701,5309,5323,28185481,148848,14884,14265,0,14265,619,8994,0.9584,0.0000,2832727,2687328,145399
702,5323,5333,28334329,106560,10655,10163,1,10162,492,6511,0.9538,0.0001,2843382,2697491,145891
703,5333,5347,28440889,149520,14951,14227,1,14226,724,9124,0.9516,0.0001,2858333,2711718,146615
704,5347,5351,28590409,42792,4278,4096,0,4096,182,2589,0.9575,0.0000,2862611,2715814,146797
705,5351,5381,28633201,321960,32195,30758,1,30757,1437,19628,0.9554,0.0000,2894806,2746572,148234
706,5381,5387,28955161,64608,6460,6159,0,6159,301,3977,0.9534,0.0000,2901266,2752731,148535
707,5387,5393,29019769,64680,6467,6170,0,6170,297,3944,0.9541,0.0000,2907733,2758901,148832
708,5393,5399,29084449,64752,6474,6193,0,6193,281,3945,0.9566,0.0000,2914207,2765094,149113
709,5399,5407,29149201,86448,8644,8244,0,8244,400,5317,0.9537,0.0000,2922851,2773338,149513
710,5407,5413,29235649,64920,6491,6219,2,6217,272,3900,0.9581,0.0003,2929342,2779557,149785
711,5413,5417,29300569,43320,4331,4147,0,4147,184,2633,0.9575,0.0000,2933673,2783704,149969
712,5417,5419,29343889,21672,2166,2066,0,2066,100,1304,0.9538,0.0000,2935839,2785770,150069
713,5419,5431,29365561,130200,13019,12454,0,12454,565,7904,0.9566,0.0000,2948858,2798224,150634
714,5431,5437,29495761,65208,6520,6243,0,6243,277,3990,0.9575,0.0000,2955378,2804467,150911
715,5437,5441,29560969,43512,4350,4148,0,4148,202,2645,0.9536,0.0000,2959728,2808615,151113
716,5441,5443,29604481,21768,2176,2089,0,2089,87,1286,0.9600,0.0000,2961904,2810704,151200
717,5443,5449,29626249,65352,6534,6240,0,6240,294,3978,0.9550,0.0000,2968438,2816944,151494
718,5449,5471,29691601,240240,24023,22975,1,22974,1048,14574,0.9564,0.0000,2992461,2839919,152542
719,5471,5477,29931841,65688,6568,6237,1,6236,331,4022,0.9496,0.0002,2999029,2846156,152873
720,5477,5479,29997529,21912,2190,2097,0,2097,93,1315,0.9575,0.0000,3001219,2848253,152966
721,5479,5483,30019441,43848,4384,4182,0,4182,202,2670,0.9539,0.0000,3005603,2852435,153168
722,5483,5501,30063289,197712,19770,18892,1,18891,878,11997,0.9556,0.0001,3025373,2871327,154046
723,5501,5503,30261001,22008,2200,2094,0,2094,106,1320,0.9518,0.0000,3027573,2873421,154152
724,5503,5507,30283009,44040,4403,4184,0,4184,219,2679,0.9503,0.0000,3031976,2877605,154371
725,5507,5519,30327049,132312,13230,12654,0,12654,576,8136,0.9565,0.0000,3045206,2890259,154947
726,5519,5521,30459361,22080,2207,2112,0,2112,95,1345,0.9570,0.0000,3047413,2892371,155042
727,5521,5527,30481441,66288,6628,6333,0,6333,295,4019,0.9555,0.0000,3054041,2898704,155337
728,5527,5531,30547729,44232,4422,4220,1,4219,202,2693,0.9543,0.0002,3058463,2902924,155539
729,5531,5557,30591961,288288,28828,27537,0,27537,1291,17471,0.9552,0.0000,3087291,2930461,156830
730,5557,5563,30880249,66720,6671,6369,0,6369,302,4082,0.9547,0.0000,3093962,2936830,157132
731,5563,5569,30946969,66792,6678,6401,0,6401,277,4105,0.9585,0.0000,3100640,2943231,157409
732,5569,5573,31013761,44568,4456,4266,0,4266,190,2749,0.9574,0.0000,3105096,2947497,157599
733,5573,5581,31058329,89232,8922,8514,0,8514,408,5419,0.9543,0.0000,3114018,2956011,158007
734,5581,5591,31147561,111720,11171,10660,1,10659,511,6862,0.9543,0.0001,3125189,2966671,158518
735,5591,5623,31259281,358848,35884,34308,0,34308,1576,21898,0.9561,0.0000,3161073,3000979,160094
736,5623,5639,31618129,180192,18018,17215,2,17213,803,11045,0.9554,0.0001,3179091,3018194,160897
737,5639,5641,31798321,22560,2255,2154,0,2154,101,1352,0.9552,0.0000,3181346,3020348,160998
738,5641,5647,31820881,67728,6772,6460,0,6460,312,4086,0.9539,0.0000,3188118,3026808,161310
739,5647,5651,31888609,45192,4518,4342,0,4342,176,2765,0.9610,0.0000,3192636,3031150,161486
740,5651,5653,31933801,22608,2260,2143,0,2143,117,1393,0.9482,0.0000,3194896,3033293,161603
741,5653,5657,31956409,45240,4523,4311,0,4311,212,2754,0.9531,0.0000,3199419,3037604,161815
742,5657,5659,32001649,22632,2262,2160,0,2160,102,1391,0.9549,0.0000,3201681,3039764,161917
743,5659,5669,32024281,113280,11327,10801,0,10801,526,6923,0.9536,0.0000,3213008,3050565,162443
744,5669,5683,32137561,158928,15892,15201,0,15201,691,9690,0.9565,0.0000,3228900,3065766,163134
745,5683,5689,32296489,68232,6822,6544,0,6544,278,4146,0.9592,0.0000,3235722,3072310,163412
746,5689,5693,32364721,45528,4552,4367,0,4367,185,2792,0.9594,0.0000,3240274,3076677,163597
747,5693,5701,32410249,91152,9114,8731,0,8731,383,5520,0.9580,0.0000,3249388,3085408,163980
748,5701,5711,32501401,114120,11411,10931,0,10931,480,6899,0.9579,0.0000,3260799,3096339,164460
749,5711,5717,32615521,68568,6856,6540,0,6540,316,4213,0.9539,0.0000,3267655,3102879,164776
750,5717,5737,32684089,229080,22907,21923,0,21923,984,13994,0.9570,0.0000,3290562,3124802,165760
751,5737,5741,32913169,45912,4590,4374,0,4374,216,2773,0.9529,0.0000,3295152,3129176,165976
752,5741,5743,32959081,22968,2296,2202,0,2202,94,1387,0.9591,0.0000,3297448,3131378,166070
753,5743,5749,32982049,68952,6894,6614,0,6614,280,4244,0.9594,0.0000,3304342,3137992,166350
754,5749,5779,33051001,345840,34583,33026,2,33024,1557,21161,0.9550,0.0001,3338925,3171018,167907
755,5779,5783,33396841,46248,4624,4433,0,4433,191,2833,0.9587,0.0000,3343549,3175451,168098
756,5783,5791,33443089,92592,9258,8825,0,8825,433,5675,0.9532,0.0000,3352807,3184276,168531
757,5791,5801,33535681,115920,11591,11066,1,11065,525,7109,0.9547,0.0001,3364398,3195342,169056
758,5801,5807,33651601,69648,6964,6651,0,6651,313,4262,0.9551,0.0000,3371362,3201993,169369
759,5807,5813,33721249,69720,6971,6694,1,6693,277,4230,0.9603,0.0001,3378333,3208687,169646
760,5813,5821,33790969,93072,9306,8892,0,8892,414,5648,0.9555,0.0000,3387639,3217579,170060
761,5821,5827,33884041,69888,6988,6684,0,6684,304,4296,0.9565,0.0000,3394627,3224263,170364
762,5827,5839,33953929,139992,13998,13377,1,13376,621,8580,0.9556,0.0001,3408625,3237640,170985
763,5839,5843,34093921,46728,4672,4444,0,4444,228,2904,0.9512,0.0000,3413297,3242084,171213
764,5843,5849,34140649,70152,7014,6725,0,6725,289,4304,0.9588,0.0000,3420311,3248809,171502
765,5849,5851,34210801,23400,2339,2235,1,2234,104,1443,0.9555,0.0004,3422650,3251044,171606
766,5851,5857,34234201,70248,7024,6735,0,6735,289,4275,0.9589,0.0000,3429674,3257779,171895
767,5857,5861,34304449,46872,4686,4498,0,4498,188,2881,0.9599,0.0000,3434360,3262277,172083
768,5861,5867,34351321,70368,7036,6726,1,6725,310,4343,0.9559,0.0001,3441396,3269003,172393
769,5867,5869,34421689,23472,2346,2250,0,2250,96,1437,0.9591,0.0000,3443742,3271253,172489
770,5869,5879,34445161,117480,11747,11222,0,11222,525,7114,0.9553,0.0000,3455489,3282475,173014
771,5879,5881,34562641,23520,2351,2232,1,2231,119,1462,0.9494,0.0004,3457840,3284707,173133
772,5881,5897,34586161,188448,18844,18056,0,18056,788,11531,0.9582,0.0000,3476684,3302763,173921
773,5897,5903,34774609,70800,7079,6794,0,6794,285,4350,0.9597,0.0000,3483763,3309557,174206
774,5903,5923,34845409,236520,23651,22604,0,22604,1047,14426,0.9557,0.0000,3507414,3332161,175253
775,5923,5927,35081929,47400,4739,4555,0,4555,184,2892,0.9612,0.0000,3512153,3336716,175437
776,5927,5939,35129329,142392,14238,13628,0,13628,610,8697,0.9572,0.0000,3526391,3350344,176047
777,5939,5953,35271721,166488,16648,15923,0,15923,725,10197,0.9565,0.0000,3543039,3366267,176772
778,5953,5981,35438209,334152,33414,31904,0,31904,1510,20555,0.9548,0.0000,3576453,3398171,178282
779,5981,5987,35772361,71808,7180,6869,0,6869,311,4401,0.9567,0.0000,3583633,3405040,178593
780,5987,6007,35844169,239880,23987,22954,1,22953,1033,14695,0.9569,0.0000,3607620,3427994,179626
781,6007,6011,36084049,48072,4806,4585,0,4585,221,2910,0.9540,0.0000,3612426,3432579,179847
782,6011,6029,36132121,216720,21671,20707,1,20706,964,13247,0.9555,0.0000,3634097,3453286,180811
783,6029,6037,36348841,96528,9652,9222,1,9221,430,5993,0.9554,0.0001,3643749,3462508,181241
784,6037,6043,36445369,72480,7247,6902,0,6902,345,4430,0.9524,0.0000,3650996,3469410,181586
785,6043,6047,36517849,48360,4835,4642,0,4642,193,2978,0.9601,0.0000,3655831,3474052,181779
786,6047,6053,36566209,72600,7259,6916,0,6916,343,4468,0.9527,0.0000,3663090,3480968,182122
787,6053,6067,36638809,169680,16967,16215,1,16214,752,10397,0.9557,0.0001,3680057,3497183,182874
788,6067,6073,36808489,72840,7283,6988,1,6987,295,4466,0.9595,0.0001,3687340,3504171,183169
789,6073,6079,36881329,72912,7290,6962,0,6962,328,4505,0.9550,0.0000,3694630,3511133,183497
790,6079,6089,36954241,121680,12167,11622,1,11621,545,7444,0.9552,0.0001,3706797,3522755,184042
791,6089,6091,37075921,24360,2435,2311,0,2311,124,1503,0.9491,0.0000,3709232,3525066,184166
792,6091,6101,37100281,121920,12191,11654,0,11654,537,7433,0.9560,0.0000,3721423,3536720,184703
793,6101,6113,37222201,146568,14656,14028,0,14028,628,9018,0.9572,0.0000,3736079,3550748,185331
794,6113,6121,37368769,97872,9786,9348,0,9348,438,6043,0.9552,0.0000,3745865,3560096,185769
795,6121,6131,37466641,122520,12251,11713,0,11713,538,7498,0.9561,0.0000,3758116,3571809,186307
796,6131,6133,37589161,24528,2452,2342,0,2342,110,1484,0.9551,0.0000,3760568,3574151,186417
797,6133,6143,37613689,122760,12275,11763,0,11763,512,7491,0.9583,0.0000,3772843,3585914,186929
798,6143,6151,37736449,98352,9834,9418,0,9418,416,6033,0.9577,0.0000,3782677,3595332,187345
799,6151,6163,37834801,147768,14776,14137,0,14137,639,9120,0.9568,0.0000,3797453,3609469,187984
800,6163,6173,37982569,123360,12335,11773,0,11773,562,7544,0.9544,0.0000,3809788,3621242,188546
801,6173,6197,38105929,296880,29687,28375,1,28374,1312,18261,0.9558,0.0000,3839475,3649617,189858
802,6197,6199,38402809,24792,2478,2372,0,2372,106,1519,0.9572,0.0000,3841953,3651989,189964
803,6199,6203,38427601,49608,4960,4758,0,4758,202,3056,0.9593,0.0000,3846913,3656747,190166
804,6203,6211,38477209,99312,9930,9543,0,9543,387,6056,0.9610,0.0000,3856843,3666290,190553
805,6211,6217,38576521,74568,7456,7141,0,7141,315,4586,0.9578,0.0000,3864299,3673431,190868
806,6217,6221,38651089,49752,4974,4744,0,4744,230,3028,0.9538,0.0000,3869273,3678175,191098
807,6221,6229,38700841,99600,9959,9514,0,9514,445,6109,0.9553,0.0000,3879232,3687689,191543
808,6229,6247,38800441,224568,22456,21502,1,21501,954,13761,0.9575,0.0000,3901688,3709191,192497
809,6247,6257,39025009,125040,12503,11964,1,11963,539,7666,0.9569,0.0001,3914191,3721155,193036
810,6257,6263,39150049,75120,7511,7220,0,7220,291,4569,0.9613,0.0000,3921702,3728375,193327
811,6263,6269,39225169,75192,7518,7191,0,7191,327,4570,0.9565,0.0000,3929220,3735566,193654
812,6269,6271,39300361,25080,2507,2406,0,2406,101,1513,0.9597,0.0000,3931727,3737972,193755
813,6271,6277,39325441,75288,7528,7183,0,7183,345,4630,0.9542,0.0000,3939255,3745155,194100
814,6277,6287,39400729,125640,12563,11980,0,11980,583,7676,0.9536,0.0000,3951818,3757135,194683
815,6287,6299,39526369,151032,15102,14435,1,14434,667,9306,0.9558,0.0001,3966920,3771570,195350
816,6299,6301,39677401,25200,2519,2408,0,2408,111,1553,0.9559,0.0000,3969439,3773978,195461
817,6301,6311,39702601,126120,12611,12051,1,12050,560,7815,0.9556,0.0001,3982050,3786029,196021
818,6311,6317,39828721,75768,7576,7258,1,7257,318,4697,0.9580,0.0001,3989626,3793287,196339
819,6317,6323,39904489,75840,7583,7267,0,7267,316,4679,0.9583,0.0000,3997209,3800554,196655
820,6323,6329,39980329,75912,7590,7245,0,7245,345,4685,0.9545,0.0000,4004799,3807799,197000
821,6329,6337,40056241,101328,10132,9711,1,9710,421,6207,0.9584,0.0001,4014931,3817510,197421
822,6337,6343,40157569,76080,7607,7271,0,7271,336,4707,0.9558,0.0000,4022538,3824781,197757
823,6343,6353,40233649,126960,12695,12134,0,12134,561,7700,0.9558,0.0000,4035233,3836915,198318
824,6353,6359,40360609,76272,7626,7314,0,7314,312,4693,0.9591,0.0000,4042859,3844229,198630
825,6359,6361,40436881,25440,2543,2439,1,2438,104,1584,0.9591,0.0004,4045402,3846668,198734
826,6361,6367,40462321,76368,7636,7321,0,7321,315,4696,0.9587,0.0000,4053038,3853989,199049
827,6367,6373,40538689,76440,7643,7319,0,7319,324,4726,0.9576,0.0000,4060681,3861308,199373
828,6373,6379,40615129,76512,7650,7300,0,7300,350,4729,0.9542,0.0000,4068331,3868608,199723
829,6379,6389,40691641,127680,12767,12218,2,12216,549,7782,0.9570,0.0002,4081098,3880826,200272
830,6389,6397,40819321,102288,10228,9778,0,9778,450,6353,0.9560,0.0000,4091326,3890604,200722
831,6397,6421,40921609,307632,30762,29465,0,29465,1297,18873,0.9578,0.0000,4122088,3920069,202019
832,6421,6427,41229241,77088,7708,7386,0,7386,322,4770,0.9582,0.0000,4129796,3927455,202341
833,6427,6449,41306329,283272,28326,27146,0,27146,1180,17434,0.9583,0.0000,4158122,3954601,203521
834,6449,6451,41589601,25800,2579,2475,0,2475,104,1610,0.9597,0.0000,4160701,3957076,203625
835,6451,6469,41615401,232560,23255,22250,0,22250,1005,14229,0.9568,0.0000,4183956,3979326,204630
836,6469,6473,41847961,51768,5176,4959,0,4959,217,3185,0.9581,0.0000,4189132,3984285,204847
837,6473,6481,41899729,103632,10362,9936,0,9936,426,6464,0.9589,0.0000,4199494,3994221,205273
838,6481,6491,42003361,129720,12971,12432,0,12432,539,8023,0.9584,0.0000,4212465,4006653,205812
839,6491,6521,42133081,390360,39035,37382,0,37382,1653,23921,0.9577,0.0000,4251500,4044035,207465
840,6521,6529,42523441,104400,10439,9998,0,9998,441,6439,0.9578,0.0000,4261939,4054033,207906
841,6529,6547,42627841,235368,23536,22504,1,22503,1032,14497,0.9562,0.0000,4285475,4076537,208938
842,6547,6551,42863209,52392,5238,5028,0,5028,210,3285,0.9599,0.0000,4290713,4081565,209148
843,6551,6553,42915601,26208,2620,2491,0,2491,129,1621,0.9508,0.0000,4293333,4084056,209277
844,6553,6563,42941809,131160,13115,12577,0,12577,538,8104,0.9590,0.0000,4306448,4096633,209815
845,6563,6569,43072969,78792,7878,7511,0,7511,367,4902,0.9534,0.0000,4314326,4104144,210182
846,6569,6571,43151761,26280,2627,2510,0,2510,117,1622,0.9555,0.0000,4316953,4106654,210299
847,6571,6577,43178041,78888,7888,7530,0,7530,358,4870,0.9546,0.0000,4324841,4114184,210657
848,6577,6581,43256929,52632,5262,5022,1,5021,240,3264,0.9544,0.0002,4330103,4119206,210897
849,6581,6599,43309561,237240,23723,22732,1,22731,991,14527,0.9582,0.0000,4353826,4141938,211888
850,6599,6607,43546801,105648,10564,10153,0,10153,411,6503,0.9611,0.0000,4364390,4152091,212299
851,6607,6619,43652449,158712,15870,15236,0,15236,634,9825,0.9601,0.0000,4380260,4167327,212933
852,6619,6637,43811161,238608,23860,22850,1,22849,1010,14697,0.9577,0.0000,4404120,4190177,213943
853,6637,6653,44049769,212640,21263,20362,0,20362,901,13139,0.9576,0.0000,4425383,4210539,214844
854,6653,6659,44262409,79872,7986,7621,0,7621,365,4898,0.9543,0.0000,4433369,4218160,215209
855,6659,6661,44342281,26640,2663,2553,0,2553,110,1630,0.9587,0.0000,4436032,4220713,215319
856,6661,6673,44368921,160008,16000,15324,0,15324,676,9836,0.9577,0.0000,4452032,4236037,215995
857,6673,6679,44528929,80112,8010,7670,0,7670,340,4906,0.9576,0.0000,4460042,4243707,216335
858,6679,6689,44609041,133680,13367,12813,0,12813,554,8226,0.9586,0.0000,4473409,4256520,216889
859,6689,6691,44742721,26760,2675,2548,0,2548,127,1617,0.9525,0.0000,4476084,4259068,217016
860,6691,6701,44769481,133920,13391,12821,0,12821,570,8279,0.9574,0.0000,4489475,4271889,217586
861,6701,6703,44903401,26808,2680,2574,0,2574,106,1649,0.9604,0.0000,4492155,4274463,217692
862,6703,6709,44930209,80472,8046,7720,0,7720,326,4959,0.9595,0.0000,4500201,4282183,218018
863,6709,6719,45010681,134280,13427,12850,0,12850,577,8263,0.9570,0.0000,4513628,4295033,218595
864,6719,6733,45144961,188328,18832,18046,1,18045,786,11553,0.9583,0.0001,4532460,4313079,219381
865,6733,6737,45333289,53880,5387,5157,0,5157,230,3292,0.9573,0.0000,4537847,4318236,219611
866,6737,6761,45387169,323952,32394,30977,0,30977,1417,19999,0.9563,0.0000,4570241,4349213,221028
867,6761,6763,45711121,27048,2704,2594,0,2594,110,1667,0.9593,0.0000,4572945,4351807,221138
868,6763,6779,45738169,216672,21666,20749,2,20747,917,13299,0.9577,0.0001,4594611,4372556,222055
869,6779,6781,45954841,27120,2711,2613,1,2612,98,1710,0.9639,0.0004,4597322,4375169,222153
870,6781,6791,45981961,135720,13571,12996,1,12995,575,8391,0.9576,0.0001,4610893,4388165,222728
871,6791,6793,46117681,27168,2716,2607,0,2607,109,1702,0.9599,0.0000,4613609,4390772,222837
872,6793,6803,46144849,135960,13595,13030,0,13030,565,8366,0.9584,0.0000,4627204,4403802,223402
873,6803,6823,46280809,272520,27251,26040,1,26039,1211,16866,0.9556,0.0000,4654455,4429842,224613
874,6823,6827,46553329,54600,5459,5223,1,5222,236,3393,0.9568,0.0002,4659914,4435065,224849
875,6827,6829,46607929,27312,2730,2603,0,2603,127,1691,0.9535,0.0000,4662644,4437668,224976
876,6829,6833,46635241,54648,5464,5235,0,5235,229,3373,0.9581,0.0000,4668108,4442903,225205
877,6833,6841,46689889,109392,10938,10507,0,10507,431,6695,0.9606,0.0000,4679046,4453410,225636
878,6841,6857,46799281,219168,21916,21003,1,21002,913,13527,0.9583,0.0000,4700962,4474413,226549
879,6857,6863,47018449,82320,8231,7901,0,7901,330,5155,0.9599,0.0000,4709193,4482314,226879
880,6863,6869,47100769,82392,8238,7878,0,7878,360,5048,0.9563,0.0000,4717431,4490192,227239
881,6869,6871,47183161,27480,2747,2622,0,2622,125,1661,0.9545,0.0000,4720178,4492814,227364
882,6871,6883,47210641,165048,16504,15839,1,15838,665,10202,0.9597,0.0001,4736682,4508653,228029
883,6883,6899,47375689,220512,22050,21108,1,21107,942,13660,0.9573,0.0000,4758732,4529761,228971
884,6899,6907,47596201,110448,11044,10585,0,10585,459,6875,0.9584,0.0000,4769776,4540346,229430
885,6907,6911,47706649,55272,5526,5305,0,5305,221,3431,0.9600,0.0000,4775302,4545651,229651
886,6911,6917,47761921,82968,8296,7953,0,7953,343,5088,0.9587,0.0000,4783598,4553604,229994
887,6917,6947,47844889,415920,41591,39848,1,39847,1743,25752,0.9581,0.0000,4825189,4593452,231737
888,6947,6949,48260809,27792,2778,2652,0,2652,126,1717,0.9546,0.0000,4827967,4596104,231863
889,6949,6959,48288601,139080,13907,13312,0,13312,595,8585,0.9572,0.0000,4841874,4609416,232458
890,6959,6961,48427681,27840,2783,2662,0,2662,121,1743,0.9565,0.0000,4844657,4612078,232579
891,6961,6967,48455521,83568,8356,7987,1,7986,369,5133,0.9558,0.0001,4853013,4620065,232948
892,6967,6971,48539089,55752,5574,5347,0,5347,227,3460,0.9593,0.0000,4858587,4625412,233175
893,6971,6977,48594841,83688,8368,8042,1,8041,326,5167,0.9610,0.0001,4866955,4633454,233501
894,6977,6983,48678529,83760,8375,8009,0,8009,366,5216,0.9563,0.0000,4875330,4641463,233867
895,6983,6991,48762289,111792,11178,10699,0,10699,479,6891,0.9571,0.0000,4886508,4652162,234346
896,6991,6997,48874081,83928,8392,8058,0,8058,334,5181,0.9602,0.0000,4894900,4660220,234680
897,6997,7001,48958009,55992,5598,5358,0,5358,240,3491,0.9571,0.0000,4900498,4665578,234920
898,7001,7013,49014001,168168,16816,16102,1,16101,714,10436,0.9575,0.0001,4917314,4681680,235634
899,7013,7019,49182169,84192,8418,8042,0,8042,376,5201,0.9553,0.0000,4925732,4689722,236010
900,7019,7027,49266361,112368,11236,10776,0,10776,460,6967,0.9591,0.0000,4936968,4700498,236470
901,7027,7039,49378729,168792,16878,16142,0,16142,736,10423,0.9564,0.0000,4953846,4716640,237206
902,7039,7043,49547521,56328,5632,5371,0,5371,261,3475,0.9537,0.0000,4959478,4722011,237467
903,7043,7057,49603849,197400,19739,18903,0,18903,836,12218,0.9576,0.0000,4979217,4740914,238303
904,7057,7069,49801249,169512,16950,16293,0,16293,657,10451,0.9612,0.0000,4996167,4757207,238960
905,7069,7079,49970761,141480,14147,13556,0,13556,591,8764,0.9582,0.0000,5010314,4770763,239551
906,7079,7103,50112241,340368,34036,32667,1,32666,1369,21025,0.9598,0.0000,5044350,4803430,240920
907,7103,7109,50452609,85272,8526,8185,0,8185,341,5274,0.9600,0.0000,5052876,4811615,241261
908,7109,7121,50537881,170760,17075,16416,1,16415,659,10525,0.9614,0.0001,5069951,4828031,241920
909,7121,7127,50708641,85488,8548,8191,0,8191,357,5264,0.9582,0.0000,5078499,4836222,242277
910,7127,7129,50794129,28512,2850,2721,0,2721,129,1765,0.9547,0.0000,5081349,4838943,242406
911,7129,7151,50822641,314160,31415,30092,0,30092,1323,19552,0.9579,0.0000,5112764,4869035,243729
912,7151,7159,51136801,114480,11447,10960,0,10960,487,7102,0.9575,0.0000,5124211,4879995,244216
913,7159,7177,51251281,258048,25804,24776,0,24776,1028,15944,0.9602,0.0000,5150015,4904771,245244
914,7177,7187,51509329,143640,14363,13753,0,13753,610,8892,0.9575,0.0000,5164378,4918524,245854
915,7187,7193,51652969,86280,8627,8277,1,8276,350,5326,0.9594,0.0001,5173005,4926801,246204
916,7193,7207,51739249,201600,20159,19326,0,19326,833,12483,0.9587,0.0000,5193164,4946127,247037
917,7207,7211,51940849,57672,5766,5511,2,5509,255,3574,0.9558,0.0004,5198930,4951638,247292
918,7211,7213,51998521,28848,2884,2761,0,2761,123,1802,0.9574,0.0000,5201814,4954399,247415
919,7213,7219,52027369,86592,8658,8291,0,8291,367,5362,0.9576,0.0000,5210472,4962690,247782
920,7219,7229,52113961,144480,14447,13844,0,13844,603,8965,0.9583,0.0000,5224919,4976534,248385
921,7229,7237,52258441,115728,11572,11096,0,11096,476,7137,0.9589,0.0000,5236491,4987630,248861
922,7237,7243,52374169,86880,8687,8323,0,8323,364,5383,0.9581,0.0000,5245178,4995953,249225
923,7243,7247,52461049,57960,5795,5555,0,5555,240,3610,0.9586,0.0000,5250973,5001508,249465
924,7247,7253,52519009,87000,8699,8349,0,8349,350,5415,0.9598,0.0000,5259672,5009857,249815
925,7253,7283,52606009,436080,43607,41735,1,41734,1872,27058,0.9571,0.0000,5303279,5051592,251687
926,7283,7297,53042089,204120,20411,19539,1,19538,872,12681,0.9573,0.0001,5323690,5071131,252559
927,7297,7307,53246209,146040,14603,13997,1,13996,606,9030,0.9585,0.0001,5338293,5085128,253165
928,7307,7309,53392249,29232,2922,2795,0,2795,127,1809,0.9565,0.0000,5341215,5087923,253292
929,7309,7321,53421481,175560,17555,16835,0,16835,720,10976,0.9590,0.0000,5358770,5104758,254012
930,7321,7331,53597041,146520,14651,14037,0,14037,614,9070,0.9581,0.0000,5373421,5118795,254626
931,7331,7333,53743561,29328,2932,2817,0,2817,115,1826,0.9608,0.0000,5376353,5121612,254741
932,7333,7349,53772889,234912,23490,22498,0,22498,992,14568,0.9578,0.0000,5399843,5144110,255733
933,7349,7351,54007801,29400,2939,2832,0,2832,107,1832,0.9636,0.0000,5402782,5146942,255840
934,7351,7369,54037201,264960,26495,25370,0,25370,1125,16484,0.9575,0.0000,5429277,5172312,256965
935,7369,7393,54302161,354288,35428,33990,0,33990,1438,21970,0.9594,0.0000,5464705,5206302,258403
936,7393,7411,54656449,266472,26646,25494,0,25494,1152,16736,0.9568,0.0000,5491351,5231796,259555
937,7411,7417,54922921,88968,8896,8540,0,8540,356,5455,0.9600,0.0000,5500247,5240336,259911
938,7417,7433,55011889,237600,23759,22809,0,22809,950,14621,0.9600,0.0000,5524006,5263145,260861
939,7433,7451,55249489,267912,26790,25677,1,25676,1113,16675,0.9585,0.0000,5550796,5288822,261974
940,7451,7457,55517401,89448,8944,8573,0,8573,371,5571,0.9585,0.0000,5559740,5297395,262345
941,7457,7459,55606849,29832,2982,2855,0,2855,127,1827,0.9574,0.0000,5562722,5300250,262472
942,7459,7477,55636681,268848,26884,25759,1,25758,1125,16696,0.9582,0.0000,5589606,5326009,263597
943,7477,7481,55905529,59832,5982,5724,0,5724,258,3748,0.9569,0.0000,5595588,5331733,263855
944,7481,7487,55965361,89808,8980,8619,0,8619,361,5588,0.9598,0.0000,5604568,5340352,264216
945,7487,7489,56055169,29952,2994,2857,0,2857,137,1828,0.9542,0.0000,5607562,5343209,264353
946,7489,7499,56085121,149880,14987,14339,1,14338,648,9224,0.9568,0.0001,5622549,5357548,265001
947,7499,7507,56235001,120048,12004,11476,0,11476,528,7504,0.9560,0.0000,5634553,5369024,265529
948,7507,7517,56355049,150240,15023,14405,0,14405,618,9415,0.9589,0.0000,5649576,5383429,266147
949,7517,7523,56505289,90240,9023,8665,0,8665,358,5601,0.9603,0.0000,5658599,5392094,266505
950,7523,7529,56595529,90312,9030,8673,0,8673,357,5574,0.9605,0.0000,5667629,5400767,266862
951,7529,7537,56685841,120528,12052,11552,0,11552,500,7459,0.9585,0.0000,5679681,5412319,267362
952,7537,7541,56806369,60312,6030,5804,0,5804,226,3786,0.9625,0.0000,5685711,5418123,267588
953,7541,7547,56866681,90528,9052,8649,0,8649,403,5625,0.9555,0.0000,5694763,5426772,267991
954,7547,7549,56957209,30192,3018,2892,0,2892,126,1917,0.9583,0.0000,5697781,5429664,268117
955,7549,7559,56987401,151080,15107,14485,1,14484,622,9368,0.9588,0.0001,5712888,5444149,268739
956,7559,7561,57138481,30240,3023,2882,0,2882,141,1890,0.9534,0.0000,5715911,5447031,268880
957,7561,7573,57168721,181608,18160,17388,1,17387,772,11242,0.9575,0.0001,5734071,5464419,269652
958,7573,7577,57350329,60600,6059,5806,0,5806,253,3784,0.9582,0.0000,5740130,5470225,269905
959,7577,7583,57410929,90960,9095,8697,1,8696,398,5654,0.9562,0.0001,5749225,5478922,270303
960,7583,7589,57501889,91032,9102,8739,0,8739,363,5613,0.9601,0.0000,5758327,5487661,270666
961,7589,7591,57592921,30360,3035,2911,0,2911,124,1904,0.9591,0.0000,5761362,5490572,270790
962,7591,7603,57623281,182328,18232,17481,0,17481,751,11371,0.9588,0.0000,5779594,5508053,271541
963,7603,7607,57805609,60840,6083,5827,0,5827,256,3786,0.9579,0.0000,5785677,5513880,271797
964,7607,7621,57866449,213192,21318,20442,0,20442,876,13230,0.9589,0.0000,5806995,5534322,272673
965,7621,7639,58079641,274680,27467,26337,1,26336,1130,17161,0.9589,0.0000,5834462,5560659,273803
966,7639,7643,58354321,61128,6112,5853,0,5853,259,3793,0.9576,0.0000,5840574,5566512,274062
967,7643,7649,58415449,91752,9174,8815,0,8815,359,5701,0.9609,0.0000,5849748,5575327,274421
968,7649,7669,58507201,306360,30635,29366,0,29366,1269,19014,0.9586,0.0000,5880383,5604693,275690
969,7669,7673,58813561,61368,6136,5875,0,5875,261,3829,0.9575,0.0000,5886519,5610568,275951
970,7673,7681,58874929,122832,12282,11792,1,11791,490,7653,0.9601,0.0001,5898801,5622360,276441
971,7681,7687,58997761,92208,9220,8828,1,8827,392,5774,0.9575,0.0001,5908021,5631188,276833
972,7687,7691,59089969,61512,6150,5896,0,5896,254,3870,0.9587,0.0000,5914171,5637084,277087
973,7691,7699,59151481,123120,12311,11814,0,11814,497,7717,0.9596,0.0000,5926482,5648898,277584
974,7699,7703,59274601,61608,6160,5902,0,5902,258,3833,0.9581,0.0000,5932642,5654800,277842
975,7703,7717,59336209,215880,21587,20703,0,20703,884,13426,0.9590,0.0000,5954229,5675503,278726
976,7717,7723,59552089,92640,9263,8870,1,8869,393,5784,0.9576,0.0001,5963492,5684373,279119
977,7723,7727,59644729,61800,6179,5919,0,5919,260,3824,0.9579,0.0000,5969671,5690292,279379
978,7727,7741,59706529,216552,21654,20791,0,20791,863,13413,0.9601,0.0000,5991325,5711083,280242
979,7741,7753,59923081,185928,18592,17844,2,17842,748,11594,0.9598,0.0001,6009917,5728927,280990
980,7753,7757,60109009,62040,6203,5954,1,5953,249,3833,0.9599,0.0002,6016120,5734881,281239
981,7757,7759,60171049,31032,3102,2973,0,2973,129,1970,0.9584,0.0000,6019222,5737854,281368
982,7759,7789,60202081,466440,46643,44713,1,44712,1930,28942,0.9586,0.0000,6065865,5782567,283298
983,7789,7793,60668521,62328,6232,5981,0,5981,251,3887,0.9597,0.0000,6072097,5788548,283549
984,7793,7817,60730849,374640,37463,35910,0,35910,1553,23346,0.9585,0.0000,6109560,5824458,285102
985,7817,7823,61105489,93840,9383,9018,0,9018,365,5888,0.9611,0.0000,6118943,5833476,285467
986,7823,7829,61199329,93912,9390,8987,0,8987,403,5848,0.9571,0.0000,6128333,5842463,285870
987,7829,7841,61293241,188040,18803,18063,0,18063,740,11740,0.9606,0.0000,6147136,5860526,286610
988,7841,7853,61481281,188328,18832,18032,0,18032,800,11785,0.9575,0.0000,6165968,5878558,287410
989,7853,7867,61669609,220080,22007,21080,1,21079,927,13678,0.9579,0.0000,6187975,5899638,288337
990,7867,7873,61889689,94440,9443,9077,0,9077,366,5867,0.9612,0.0000,6197418,5908715,288703
991,7873,7877,61984129,63000,6299,6037,1,6036,262,3937,0.9584,0.0002,6203717,5914752,288965
992,7877,7879,62047129,31512,3150,3011,0,3011,139,1956,0.9559,0.0000,6206867,5917763,289104
993,7879,7883,62078641,63048,6304,6056,0,6056,248,3845,0.9607,0.0000,6213171,5923819,289352
994,7883,7901,62141689,284112,28410,27297,0,27297,1113,17736,0.9608,0.0000,6241581,5951116,290465
995,7901,7907,62425801,94848,9484,9126,0,9126,358,5895,0.9623,0.0000,6251065,5960242,290823
996,7907,7919,62520649,189912,18990,18253,0,18253,737,11805,0.9612,0.0000,6270055,5978495,291560
997,7919,7927,62710561,126768,12676,12122,0,12122,554,7959,0.9563,0.0000,6282731,5990617,292114
998,7927,7933,62837329,95160,9515,9143,0,9143,372,5906,0.9609,0.0000,6292246,5999760,292486
999,7933,7937,62932489,63480,6347,6078,0,6078,269,3991,0.9576,0.0000,6298593,6005838,292755
1000,7937,7949,62995969,190632,19062,18266,0,18266,796,11910,0.9582,0.0000,6317655,6024104,293551
1001,7949,7951,63186601,31800,3179,3051,0,3051,128,1973,0.9597,0.0000,6320834,6027155,293679
1002,7951,7963,63218401,190968,19096,18311,0,18311,785,11920,0.9589,0.0000,6339930,6045466,294464
1003,7963,7993,63409369,478680,47867,45906,0,45906,1961,29718,0.9590,0.0000,6387797,6091372,296425
1004,7993,8009,63888049,256032,25602,24540,1,24539,1062,15916,0.9585,0.0000,6413399,6115912,297487
1005,8009,8011,64144081,32040,3203,3066,0,3066,137,2041,0.9572,0.0000,6416602,6118978,297624
1006,8011,8017,64176121,96168,9616,9219,0,9219,397,6013,0.9587,0.0000,6426218,6128197,298021
1007,8017,8039,64272289,353232,35322,33922,0,33922,1400,22055,0.9604,0.0000,6461540,6162119,299421
1008,8039,8053,64625521,225288,22528,21591,0,21591,937,14115,0.9584,0.0000,6484068,6183710,300358
1009,8053,8059,64850809,96672,9666,9265,0,9265,401,6040,0.9585,0.0000,6493734,6192975,300759
1010,8059,8069,64947481,161280,16127,15489,0,15489,638,10017,0.9604,0.0000,6509861,6208464,301397
1011,8069,8081,65108761,193800,19379,18594,1,18593,785,12154,0.9595,0.0001,6529240,6227058,302182
1012,8081,8087,65302561,97008,9700,9320,1,9319,380,6047,0.9608,0.0001,6538940,6236378,302562
1013,8087,8089,65399569,32352,3234,3091,0,3091,143,1988,0.9558,0.0000,6542174,6239469,302705
1014,8089,8093,65431921,64728,6472,6186,0,6186,286,4035,0.9558,0.0000,6548646,6245655,302991
1015,8093,8101,65496649,129552,12954,12444,0,12444,510,8125,0.9606,0.0000,6561600,6258099,303501
1016,8101,8111,65626201,162120,16211,15550,0,15550,661,10166,0.9592,0.0000,6577811,6273649,304162
1017,8111,8117,65788321,97368,9736,9373,0,9373,363,6013,0.9627,0.0000,6587547,6283022,304525
1018,8117,8123,65885689,97440,9743,9333,0,9333,410,6029,0.9579,0.0000,6597290,6292355,304935
1019,8123,8147,65983129,390480,39047,37490,2,37488,1557,24290,0.9601,0.0001,6636337,6329845,306492
1020,8147,8161,66373609,228312,22830,21850,1,21849,980,14261,0.9571,0.0000,6659167,6351695,307472
1021,8161,8167,66601921,97968,9796,9406,0,9406,390,6086,0.9602,0.0000,6668963,6361101,307862
1022,8167,8171,66699889,65352,6534,6292,1,6291,242,4104,0.9630,0.0002,6675497,6367393,308104
1023,8171,8179,66765241,130800,13079,12519,1,12518,560,8159,0.9572,0.0001,6688576,6379912,308664
1024,8179,8191,66896041,196440,19643,18823,0,18823,820,12319,0.9583,0.0000,6708219,6398735,309484
1025,8191,8209,67092481,295200,29519,28302,1,28301,1217,18393,0.9588,0.0000,6737738,6427037,310701
1026,8209,8219,67387681,164280,16427,15745,0,15745,682,10269,0.9585,0.0000,6754165,6442782,311383
1027,8219,8221,67551961,32880,3287,3148,0,3148,139,2033,0.9577,0.0000,6757452,6445930,311522
1028,8221,8231,67584841,164520,16451,15757,0,15757,694,10281,0.9578,0.0000,6773903,6461687,312216
1029,8231,8233,67749361,32928,3292,3177,0,3177,115,2071,0.9651,0.0000,6777195,6464864,312331
1030,8233,8237,67782289,65880,6587,6310,0,6310,277,4116,0.9579,0.0000,6783782,6471174,312608
1031,8237,8243,67848169,98880,9887,9486,0,9486,401,6151,0.9594,0.0000,6793669,6480660,313009
1032,8243,8263,67947049,330120,33011,31647,1,31646,1364,20650,0.9587,0.0000,6826680,6512307,314373
1033,8263,8269,68277169,99192,9918,9506,0,9506,412,6214,0.9585,0.0000,6836598,6521813,314785
1034,8269,8273,68376361,66168,6616,6336,0,6336,280,4145,0.9577,0.0000,6843214,6528149,315065
1035,8273,8287,68442529,231840,23183,22229,1,22228,954,14461,0.9588,0.0000,6866397,6550378,316019
1036,8287,8291,68674369,66312,6630,6334,0,6334,296,4177,0.9554,0.0000,6873027,6556712,316315
1037,8291,8293,68740681,33168,3316,3191,0,3191,125,2070,0.9623,0.0000,6876343,6559903,316440
1038,8293,8297,68773849,66360,6635,6354,0,6354,281,4169,0.9576,0.0000,6882978,6566257,316721
1039,8297,8311,68840209,232512,23250,22353,1,22352,897,14467,0.9614,0.0000,6906228,6588610,317618
1040,8311,8317,69072721,99768,9976,9555,0,9555,421,6252,0.9578,0.0000,6916204,6598165,318039
1041,8317,8329,69172489,199752,19974,19153,0,19153,821,12495,0.9589,0.0000,6936178,6617318,318860
1042,8329,8353,69372241,400368,40036,38374,1,38373,1662,24945,0.9585,0.0000,6976214,6655692,320522
1043,8353,8363,69772609,167160,16715,16023,0,16023,692,10524,0.9586,0.0000,6992929,6671715,321214
1044,8363,8369,69939769,100392,10038,9632,0,9632,406,6292,0.9596,0.0000,7002967,6681347,321620
1045,8369,8377,70040161,133968,13396,12866,0,12866,530,8369,0.9604,0.0000,7016363,6694213,322150
1046,8377,8387,70174129,167640,16763,16092,0,16092,671,10510,0.9600,0.0000,7033126,6710305,322821
1047,8387,8389,70341769,33552,3354,3195,0,3195,159,2120,0.9526,0.0000,7036480,6713500,322980
1048,8389,8419,70375321,504240,50423,48435,1,48434,1988,31551,0.9606,0.0000,7086903,6761935,324968
1049,8419,8423,70879561,67368,6736,6495,0,6495,241,4175,0.9642,0.0000,7093639,6768430,325209
1050,8423,8429,70946929,101112,10110,9705,0,9705,405,6316,0.9599,0.0000,7103749,6778135,325614
1051,8429,8431,71048041,33720,3371,3243,0,3243,128,2097,0.9620,0.0000,7107120,6781378,325742
1052,8431,8443,71081761,202488,20248,19402,0,19402,846,12690,0.9582,0.0000,7127368,6800780,326588
1053,8443,8447,71284249,67560,6755,6483,0,6483,272,4242,0.9597,0.0000,7134123,6807263,326860
1054,8447,8461,71351809,236712,23670,22744,0,22744,926,14719,0.9609,0.0000,7157793,6830007,327786
1055,8461,8467,71588521,101568,10156,9750,0,9750,406,6313,0.9600,0.0000,7167949,6839757,328192
1056,8467,8501,71690089,576912,57690,55447,1,55446,2243,35914,0.9611,0.0000,7225639,6895204,330435
1057,8501,8513,72267001,204168,20416,19562,0,19562,854,12800,0.9582,0.0000,7246055,6914766,331289
1058,8513,8521,72471169,136272,13626,13063,0,13063,563,8580,0.9587,0.0000,7259681,6927829,331852
1059,8521,8527,72607441,102288,10228,9795,0,9795,433,6404,0.9577,0.0000,7269909,6937624,332285
1060,8527,8537,72709729,170640,17063,16398,0,16398,665,10659,0.9610,0.0000,7286972,6954022,332950
1061,8537,8539,72880369,34152,3414,3271,0,3271,143,2124,0.9581,0.0000,7290386,6957293,333093
1062,8539,8543,72914521,68328,6832,6559,0,6559,273,4283,0.9600,0.0000,7297218,6963852,333366
1063,8543,8563,72982849,342120,34211,32841,1,32840,1370,21466,0.9600,0.0000,7331429,6996693,334736
1064,8563,8573,73324969,171360,17135,16452,0,16452,683,10772,0.9601,0.0000,7348564,7013145,335419
1065,8573,8581,73496329,137232,13722,13182,0,13182,540,8545,0.9606,0.0000,7362286,7026327,335959
1066,8581,8597,73633561,274848,27484,26317,1,26316,1167,17228,0.9575,0.0000,7389770,7052644,337126
1067,8597,8599,73908409,34392,3438,3298,0,3298,140,2173,0.9593,0.0000,7393208,7055942,337266
1068,8599,8609,73942801,172080,17207,16493,0,16493,714,10826,0.9585,0.0000,7410415,7072435,337980
1069,8609,8623,74114881,241248,24124,23196,0,23196,928,15089,0.9615,0.0000,7434539,7095631,338908
1070,8623,8627,74356129,69000,6899,6596,0,6596,303,4337,0.9561,0.0000,7441438,7102227,339211
1071,8627,8629,74425129,34512,3450,3300,0,3300,150,2161,0.9565,0.0000,7444888,7105527,339361
1072,8629,8641,74459641,207240,20723,19940,0,19940,783,13028,0.9622,0.0000,7465611,7125467,340144
1073,8641,8647,74666881,103728,10372,9952,0,9952,420,6457,0.9595,0.0000,7475983,7135419,340564
1074,8647,8663,74770609,276960,27695,26595,0,26595,1100,17411,0.9603,0.0000,7503678,7162014,341664
1075,8663,8669,75047569,103992,10398,9988,0,9988,410,6503,0.9606,0.0000,7514076,7172002,342074
1076,8669,8677,75151561,138768,13876,13293,0,13293,583,8663,0.9580,0.0000,7527952,7185295,342657
1077,8677,8681,75290329,69432,6942,6667,1,6666,275,4361,0.9604,0.0001,7534894,7191962,342932
1078,8681,8689,75359761,138960,13895,13340,0,13340,555,8638,0.9601,0.0000,7548789,7205302,343487
1079,8689,8693,75498721,69528,6952,6661,0,6661,291,4383,0.9581,0.0000,7555741,7211963,343778
1080,8693,8699,75568249,104352,10434,9994,0,9994,440,6554,0.9578,0.0000,7566175,7221957,344218
1081,8699,8707,75672601,139248,13924,13357,0,13357,567,8688,0.9593,0.0000,7580099,7235314,344785
1082,8707,8713,75811849,104520,10451,10027,0,10027,424,6508,0.9594,0.0000,7590550,7245341,345209
1083,8713,8719,75916369,104592,10458,10038,0,10038,420,6499,0.9598,0.0000,7601008,7255379,345629
1084,8719,8731,76020961,209400,20939,20076,1,20075,863,13172,0.9588,0.0000,7621947,7275455,346492
1085,8731,8737,76230361,104808,10480,10087,0,10087,393,6577,0.9625,0.0000,7632427,7285542,346885
1086,8737,8741,76335169,69912,6990,6728,0,6728,262,4371,0.9625,0.0000,7639417,7292270,347147
1087,8741,8747,76405081,104928,10492,10079,1,10078,413,6558,0.9606,0.0001,7649909,7302349,347560
1088,8747,8753,76510009,105000,10499,10087,0,10087,412,6602,0.9608,0.0000,7660408,7312436,347972
1089,8753,8761,76615009,140112,14010,13457,0,13457,553,8850,0.9605,0.0000,7674418,7325893,348525
1090,8761,8779,76755121,315720,31571,30270,0,30270,1301,19775,0.9588,0.0000,7705989,7356163,349826
1091,8779,8783,77070841,70248,7024,6746,0,6746,278,4417,0.9604,0.0000,7713013,7362909,350104
1092,8783,8803,77141089,351720,35171,33747,1,33746,1424,22091,0.9595,0.0000,7748184,7396656,351528
1093,8803,8807,77492809,70440,7043,6784,1,6783,259,4419,0.9632,0.0001,7755227,7403440,351787
1094,8807,8819,77563249,211512,21150,20299,0,20299,851,13250,0.9598,0.0000,7776377,7423739,352638
1095,8819,8821,77774761,35280,3527,3387,0,3387,140,2216,0.9603,0.0000,7779904,7427126,352778
1096,8821,8831,77810041,176520,17651,16940,1,16939,711,11029,0.9597,0.0001,7797555,7444066,353489
1097,8831,8837,77986561,106008,10600,10183,0,10183,417,6643,0.9607,0.0000,7808155,7454249,353906
1098,8837,8839,78092569,35352,3534,3371,0,3371,163,2194,0.9539,0.0000,7811689,7457620,354069
1099,8839,8849,78127921,176880,17687,17007,0,17007,680,11107,0.9616,0.0000,7829376,7474627,354749
1100,8849,8861,78304801,212520,21251,20421,1,20420,830,13361,0.9609,0.0000,7850627,7495048,355579
1101,8861,8863,78517321,35448,3544,3411,0,3411,133,2176,0.9625,0.0000,7854171,7498459,355712
1102,8863,8867,78552769,70920,7091,6771,0,6771,320,4481,0.9549,0.0000,7861262,7505230,356032
1103,8867,8887,78623689,355080,35507,34124,1,34123,1383,22300,0.9610,0.0000,7896769,7539354,357415
1104,8887,8893,78978769,106680,10667,10229,0,10229,438,6667,0.9589,0.0000,7907436,7549583,357853
1105,8893,8923,79085449,534480,53447,51353,0,51353,2094,33504,0.9608,0.0000,7960883,7600936,359947
1106,8923,8929,79619929,107112,10710,10289,0,10289,421,6682,0.9607,0.0000,7971593,7611225,360368
1107,8929,8933,79727041,71448,7144,6867,0,6867,277,4482,0.9612,0.0000,7978737,7618092,360645
1108,8933,8941,79798489,142992,14298,13732,0,13732,566,8991,0.9604,0.0000,7993035,7631824,361211
1109,8941,8951,79941481,178920,17891,17181,0,17181,710,11256,0.9603,0.0000,8010926,7649005,361921
1110,8951,8963,80120401,214968,21496,20639,0,20639,857,13440,0.9601,0.0000,8032422,7669644,362778
1111,8963,8969,80335369,107592,10758,10334,0,10334,424,6769,0.9606,0.0000,8043180,7679978,363202
1112,8969,8971,80442961,35880,3587,3448,0,3448,139,2220,0.9612,0.0000,8046767,7683426,363341
1113,8971,8999,80478841,503160,50315,48346,0,48346,1969,31551,0.9609,0.0000,8097082,7731772,365310
1114,8999,9001,80982001,36000,3599,3464,1,3463,135,2218,0.9625,0.0003,8100681,7735236,365445
1115,9001,9007,81018001,108048,10804,10343,0,10343,461,6785,0.9573,0.0000,8111485,7745579,365906
1116,9007,9011,81126049,72072,7206,6910,1,6909,296,4520,0.9589,0.0001,8118691,7752489,366202
1117,9011,9013,81198121,36048,3604,3461,0,3461,143,2262,0.9603,0.0000,8122295,7755950,366345
1118,9013,9029,81234169,288672,28866,27681,1,27680,1185,18095,0.9589,0.0000,8151161,7783631,367530
1119,9029,9041,81522841,216840,21683,20827,0,20827,856,13658,0.9605,0.0000,8172844,7804458,368386
1120,9041,9043,81739681,36168,3616,3465,0,3465,151,2285,0.9582,0.0000,8176460,7807923,368537
1121,9043,9049,81775849,108552,10854,10410,0,10410,444,6831,0.9591,0.0000,8187314,7818333,368981
1122,9049,9059,81884401,181080,18107,17393,1,17392,714,11309,0.9606,0.0001,8205421,7835726,369695
1123,9059,9067,82065481,145008,14500,13929,0,13929,571,9130,0.9606,0.0000,8219921,7849655,370266
1124,9067,9091,82210489,435792,43578,41842,0,41842,1736,27381,0.9602,0.0000,8263499,7891497,372002
1125,9091,9103,82646281,218328,21832,20972,0,20972,860,13657,0.9606,0.0000,8285331,7912469,372862
1126,9103,9109,82864609,109272,10926,10513,0,10513,413,6848,0.9622,0.0000,8296257,7922982,373275
1127,9109,9127,82973881,328248,32824,31517,1,31516,1307,20659,0.9602,0.0000,8329081,7954499,374582
1128,9127,9133,83302129,109560,10955,10520,0,10520,435,6924,0.9603,0.0000,8340036,7965019,375017
1129,9133,9137,83411689,73080,7307,7025,0,7025,282,4597,0.9614,0.0000,8347343,7972044,375299
1130,9137,9151,83484769,256032,25602,24571,0,24571,1031,16101,0.9597,0.0000,8372945,7996615,376330
1131,9151,9157,83740801,109848,10984,10541,0,10541,443,6884,0.9597,0.0000,8383929,8007156,376773
1132,9157,9161,83850649,73272,7326,7044,0,7044,282,4564,0.9615,0.0000,8391255,8014200,377055
1133,9161,9173,83923921,220008,22000,21105,0,21105,895,13873,0.9593,0.0000,8413255,8035305,377950
1134,9173,9181,84143929,146832,14682,14093,0,14093,589,9261,0.9599,0.0000,8427937,8049398,378539
1135,9181,9187,84290761,110208,11020,10571,0,10571,449,6921,0.9593,0.0000,8438957,8059969,378988
1136,9187,9199,84400969,220632,22062,21163,0,21163,899,13871,0.9593,0.0000,8461019,8081132,379887
1137,9199,9203,84621601,73608,7360,7080,0,7080,280,4638,0.9620,0.0000,8468379,8088212,380167
1138,9203,9209,84695209,110472,11046,10608,0,10608,438,6941,0.9603,0.0000,8479425,8098820,380605
1139,9209,9221,84805681,221160,22115,21304,0,21304,811,13914,0.9633,0.0000,8501540,8120124,381416
1140,9221,9227,85026841,110688,11068,10635,0,10635,433,6960,0.9609,0.0000,8512608,8130759,381849
1141,9227,9239,85137529,221592,22158,21269,0,21269,889,13923,0.9599,0.0000,8534766,8152028,382738
1142,9239,9241,85359121,36960,3695,3544,1,3543,151,2321,0.9591,0.0003,8538461,8155572,382889
1143,9241,9257,85396081,295968,29596,28405,0,28405,1191,18578,0.9598,0.0000,8568057,8183977,384080
1144,9257,9277,85692049,370680,37067,35640,1,35639,1427,23320,0.9615,0.0000,8605124,8219617,385507
1145,9277,9281,86062729,74232,7422,7117,0,7117,305,4664,0.9589,0.0000,8612546,8226734,385812
1146,9281,9283,86136961,37128,3712,3585,0,3585,127,2357,0.9658,0.0000,8616258,8230319,385939
1147,9283,9293,86174089,185760,18575,17817,0,17817,758,11731,0.9592,0.0000,8634833,8248136,386697
1148,9293,9311,86359849,334872,33486,32142,0,32142,1344,21109,0.9599,0.0000,8668319,8280278,388041
1149,9311,9319,86694721,149040,14903,14307,2,14305,596,9425,0.9600,0.0001,8683222,8294585,388637
1150,9319,9323,86843761,74568,7456,7146,0,7146,310,4669,0.9584,0.0000,8690678,8301731,388947
1151,9323,9337,86918329,261240,26123,25072,2,25070,1051,16459,0.9598,0.0001,8716801,8326803,389998
1152,9337,9341,87179569,74712,7470,7183,0,7183,287,4678,0.9616,0.0000,8724271,8333986,390285
1153,9341,9343,87254281,37368,3736,3592,0,3592,144,2340,0.9615,0.0000,8728007,8337578,390429
1154,9343,9349,87291649,112152,11214,10784,0,10784,430,7137,0.9617,0.0000,8739221,8348362,390859
1155,9349,9371,87403801,411840,41183,39585,0,39585,1598,25937,0.9612,0.0000,8780404,8387947,392457
1156,9371,9377,87815641,112488,11248,10768,0,10768,480,7081,0.9573,0.0000,8791652,8398715,392937
1157,9377,9391,87928129,262752,26274,25256,1,25255,1018,16545,0.9613,0.0000,8817926,8423971,393955
1158,9391,9397,88190881,112728,11272,10787,0,10787,485,7018,0.9570,0.0000,8829198,8434758,394440
1159,9397,9403,88303609,112800,11279,10855,1,10854,424,7090,0.9624,0.0001,8840477,8445613,394864
1160,9403,9413,88416409,188160,18815,18124,0,18124,691,11927,0.9633,0.0000,8859292,8463737,395555
1161,9413,9419,88604569,112992,11298,10834,0,10834,464,7113,0.9589,0.0000,8870590,8474571,396019
1162,9419,9421,88717561,37680,3767,3608,0,3608,159,2393,0.9578,0.0000,8874357,8478179,396178
1163,9421,9431,88755241,188520,18851,18092,1,18091,759,11758,0.9597,0.0001,8893208,8496271,396937
1164,9431,9433,88943761,37728,3772,3614,0,3614,158,2414,0.9581,0.0000,8896980,8499885,397095
1165,9433,9437,88981489,75480,7547,7245,0,7245,302,4794,0.9600,0.0000,8904527,8507130,397397
1166,9437,9439,89056969,37752,3774,3623,0,3623,151,2371,0.9600,0.0000,8908301,8510753,397548
1167,9439,9461,89094721,415800,41579,39934,0,39934,1645,26218,0.9604,0.0000,8949880,8550687,399193
1168,9461,9463,89510521,37848,3784,3641,0,3641,143,2385,0.9622,0.0000,8953664,8554328,399336
1169,9463,9467,89548369,75720,7571,7302,0,7302,269,4747,0.9645,0.0000,8961235,8561630,399605
1170,9467,9473,89624089,113640,11363,10917,0,10917,446,7220,0.9607,0.0000,8972598,8572547,400051
1171,9473,9479,89737729,113712,11370,10910,0,10910,460,7170,0.9595,0.0000,8983968,8583457,400511
1172,9479,9491,89851441,227640,22763,21877,0,21877,886,14337,0.9611,0.0000,9006731,8605334,401397
1173,9491,9497,90079081,113928,11392,10950,0,10950,442,7133,0.9612,0.0000,9018123,8616284,401839
1174,9497,9511,90193009,266112,26610,25530,0,25530,1080,16755,0.9594,0.0000,9044733,8641814,402919
1175,9511,9521,90459121,190320,19031,18275,0,18275,756,12012,0.9603,0.0000,9063764,8660089,403675
1176,9521,9533,90649441,228648,22864,21976,0,21976,888,14382,0.9612,0.0000,9086628,8682065,404563
1177,9533,9539,90878089,114432,11442,10996,0,10996,446,7211,0.9610,0.0000,9098070,8693061,405009
1178,9539,9547,90992521,152688,15268,14658,0,14658,610,9614,0.9600,0.0000,9113338,8707719,405619
1179,9547,9551,91145209,76392,7638,7324,1,7323,314,4787,0.9589,0.0001,9120976,8715043,405933
1180,9551,9587,91221601,688968,68896,66208,1,66207,2688,43408,0.9610,0.0000,9189872,8781251,408621
1181,9587,9601,91910569,268632,26862,25775,0,25775,1087,16963,0.9595,0.0000,9216734,8807026,409708
1182,9601,9613,92179201,230568,23056,22156,0,22156,900,14561,0.9610,0.0000,9239790,8829182,410608
1183,9613,9619,92409769,115392,11538,11108,1,11107,430,7289,0.9627,0.0001,9251328,8840290,411038
1184,9619,9623,92525161,76968,7696,7401,0,7401,295,4885,0.9617,0.0000,9259024,8847691,411333
1185,9623,9629,92602129,115512,11550,11077,0,11077,473,7277,0.9590,0.0000,9270574,8858768,411806
1186,9629,9631,92717641,38520,3851,3696,1,3695,155,2392,0.9598,0.0003,9274425,8862464,411961
1187,9631,9643,92756161,231288,23128,22221,0,22221,907,14648,0.9608,0.0000,9297553,8884685,412868
1188,9643,9649,92987449,115752,11574,11114,0,11114,460,7361,0.9603,0.0000,9309127,8895799,413328
1189,9649,9661,93103201,231720,23171,22260,1,22259,911,14624,0.9607,0.0000,9332298,8918059,414239
1190,9661,9677,93334921,309408,30940,29717,2,29715,1223,19574,0.9605,0.0001,9363238,8947776,415462
1191,9677,9679,93644329,38712,3870,3720,0,3720,150,2455,0.9612,0.0000,9367108,8951496,415612
1192,9679,9689,93683041,193680,19367,18649,0,18649,718,12195,0.9629,0.0000,9386475,8970145,416330
1193,9689,9697,93876721,155088,15508,14870,0,14870,638,9750,0.9589,0.0000,9401983,8985015,416968
1194,9697,9719,94031809,427152,42714,41061,0,41061,1653,26894,0.9613,0.0000,9444697,9026076,418621
1195,9719,9721,94458961,38880,3887,3741,0,3741,146,2450,0.9624,0.0000,9448584,9029817,418767
1196,9721,9733,94497841,233448,23344,22430,1,22429,914,14706,0.9608,0.0000,9471928,9052247,419681
1197,9733,9739,94731289,116832,11682,11193,1,11192,489,7426,0.9581,0.0001,9483610,9063440,420170
1198,9739,9743,94848121,77928,7792,7475,0,7475,317,4882,0.9593,0.0000,9491402,9070915,420487
1199,9743,9749,94926049,116952,11694,11286,0,11286,408,7350,0.9651,0.0000,9503096,9082201,420895
1200,9749,9767,95043001,351288,35128,33772,0,33772,1356,22129,0.9614,0.0000,9538224,9115973,422251
1201,9767,9769,95394289,39072,3906,3754,0,3754,152,2440,0.9611,0.0000,9542130,9119727,422403
1202,9769,9781,95433361,234600,23459,22534,0,22534,925,14810,0.9606,0.0000,9565589,9142261,423328
1203,9781,9787,95667961,117408,11740,11270,0,11270,470,7442,0.9600,0.0000,9577329,9153531,423798
1204,9787,9791,95785369,78312,7830,7499,0,7499,331,4945,0.9577,0.0000,9585159,9161030,424129
1205,9791,9803,95863681,235128,23512,22606,0,22606,906,14835,0.9615,0.0000,9608671,9183636,425035
1206,9803,9811,96098809,156912,15690,15113,0,15113,577,9939,0.9632,0.0000,9624361,9198749,425612
1207,9811,9817,96255721,117768,11776,11295,0,11295,481,7506,0.9592,0.0000,9636137,9210044,426093
1208,9817,9829,96373489,235752,23574,22624,0,22624,950,14831,0.9597,0.0000,9659711,9232668,427043
1209,9829,9833,96609241,78648,7864,7562,0,7562,302,4910,0.9616,0.0000,9667575,9240230,427345
1210,9833,9839,96687889,118032,11802,11379,0,11379,423,7451,0.9642,0.0000,9679377,9251609,427768
1211,9839,9851,96805921,236280,23627,22688,1,22687,939,14911,0.9603,0.0000,9703004,9274297,428707
1212,9851,9857,97042201,118248,11824,11376,0,11376,448,7465,0.9621,0.0000,9714828,9285673,429155
1213,9857,9859,97160449,39432,3942,3810,0,3810,132,2503,0.9665,0.0000,9718770,9289483,429287
1214,9859,9871,97199881,236760,23675,22760,0,22760,915,14945,0.9614,0.0000,9742445,9312243,430202
1215,9871,9883,97436641,237048,23704,22779,1,22778,925,14834,0.9610,0.0000,9766149,9335022,431127
1216,9883,9887,97673689,79080,7907,7601,0,7601,306,4985,0.9613,0.0000,9774056,9342623,431433
1217,9887,9901,97752769,277032,27702,26585,0,26585,1117,17503,0.9597,0.0000,9801758,9369208,432550
1218,9901,9907,98029801,118848,11884,11438,0,11438,446,7571,0.9625,0.0000,9813642,9380646,432996
1219,9907,9923,98148649,317280,31727,30449,1,30448,1278,20042,0.9597,0.0000,9845369,9411095,434274
1220,9923,9929,98465929,119112,11910,11420,0,11420,490,7554,0.9589,0.0000,9857279,9422515,434764
1221,9929,9931,98585041,39720,3971,3806,0,3806,165,2510,0.9584,0.0000,9861250,9426321,434929
1222,9931,9941,98624761,198720,19871,19097,0,19097,774,12615,0.9610,0.0000,9881121,9445418,435703
1223,9941,9949,98823481,159120,15911,15296,0,15296,615,10128,0.9613,0.0000,9897032,9460714,436318
1224,9949,9967,98982601,358488,35848,34463,0,34463,1385,22666,0.9614,0.0000,9932880,9495177,437703
1225,9967,9973,99341089,119640,11963,11480,0,11480,483,7597,0.9596,0.0000,9944843,9506657,438186
1226,9973,10007,99460729,679320,67931,65252,2,65250,2679,42866,0.9606,0.0000,10012774,9571909,440865
